SEXO,IDADE,UF,COUNT
Não Informado,111.0,RS,1.0
Masculino,60.0,GO,1.0
Masculino,73.0,AP,1.0
Masculino,53.0,AM,1.0
Masculino,28.0,AL,1.0
Feminino,77.0,AL,1.0
Masculino,37.0,AL,1.0
Não Informado,81.0,SC,1.0
Feminino,35.0,ES,1.0
Feminino,41.0,RO,1.0
Masculino,73.0,SE,1.0
Masculino,38.0,CE,1.0
Masculino,9.0,TO,1.0
Feminino,58.0,GO,1.0
Feminino,73.0,RN,1.0
Masculino,59.0,MA,1.0
Masculino,77.0,AC,1.0
Feminino,45.0,MA,1.0
Feminino,48.0,CE,1.0
Masculino,31.0,PI,1.0
Não Informado,11.0,SC,1.0
Masculino,41.0,AP,1.0
Masculino,64.0,RR,1.0
Feminino,55.0,RR,1.0
Feminino,78.0,GO,1.0
Feminino,63.0,CE,1.0
Não Informado,78.0,,1.0
Feminino,69.0,RR,1.0
Masculino,62.0,CE,1.0
Masculino,10.0,AM,1.0
Masculino,55.0,PB,1.0
Feminino,45.0,RO,1.0
Feminino,2.0,PE,1.0
Feminino,49.0,PB,1.0
Feminino,108.0,PR,1.0
Masculino,12.0,CE,1.0
Masculino,24.0,CE,1.0
Feminino,29.0,DF,1.0
Feminino,64.0,ES,1.0
Masculino,43.0,SE,1.0
Feminino,67.0,GO,1.0
Feminino,63.0,PA,1.0
Masculino,36.0,PB,1.0
Masculino,117.0,PR,1.0
Feminino,22.0,MT,1.0
Feminino,9.0,DF,1.0
Feminino,51.0,GO,1.0
Masculino,46.0,CE,2.0
Masculino,40.0,MS,1.0
Masculino,78.0,MT,1.0
Feminino,44.0,PB,1.0
Masculino,4.0,MA,1.0
Feminino,18.0,MS,1.0
Masculino,110.0,SC,1.0
Masculino,14.0,BA,1.0
Feminino,21.0,MG,1.0
Masculino,81.0,MS,1.0
Feminino,82.0,RN,1.0
Masculino,31.0,DF,1.0
Masculino,60.0,TO,1.0
Feminino,18.0,SP,1.0
Feminino,30.0,PE,1.0
Masculino,56.0,PA,2.0
Masculino,32.0,SE,1.0
Feminino,59.0,CE,1.0
Feminino,-20.0,,1.0
Masculino,81.0,MT,1.0
Masculino,-9.0,,1.0
Masculino,72.0,MA,1.0
Feminino,30.0,TO,1.0
Masculino,20.0,MA,1.0
Masculino,25.0,DF,1.0
Feminino,86.0,CE,1.0
Masculino,120.0,SC,1.0
Masculino,114.0,PR,1.0
Masculino,35.0,AC,1.0
Feminino,51.0,MA,2.0
Masculino,6.0,MT,1.0
Masculino,66.0,SE,1.0
Feminino,25.0,PE,1.0
Masculino,61.0,MT,1.0
Feminino,115.0,PR,1.0
Masculino,75.0,CE,1.0
Masculino,21.0,GO,1.0
Feminino,4.0,TO,1.0
Feminino,97.0,PI,1.0
Feminino,67.0,ES,1.0
Feminino,41.0,RR,1.0
Feminino,84.0,AL,1.0
Masculino,30.0,ES,1.0
Masculino,50.0,PI,2.0
Masculino,73.0,BA,1.0
Feminino,63.0,ES,1.0
Masculino,50.0,PA,1.0
Masculino,120.0,PR,1.0
Feminino,120.0,PR,1.0
Feminino,64.0,RN,1.0
Masculino,70.0,TO,1.0
Masculino,63.0,RN,1.0
Masculino,59.0,DF,1.0
Masculino,91.0,PA,1.0
Masculino,18.0,PE,1.0
Feminino,69.0,AC,1.0
Masculino,57.0,CE,1.0
Masculino,88.0,RJ,2.0
Não Informado,77.0,SC,1.0
Feminino,39.0,DF,1.0
Feminino,24.0,MS,1.0
Feminino,72.0,PB,1.0
Feminino,113.0,SC,1.0
Masculino,2.0,RJ,1.0
Masculino,28.0,AP,1.0
Feminino,71.0,MT,1.0
Masculino,8.0,RJ,2.0
Feminino,78.0,PB,1.0
Masculino,21.0,MS,1.0
Masculino,28.0,CE,1.0
Feminino,89.0,MT,1.0
Feminino,36.0,RR,1.0
Feminino,85.0,SP,1.0
Masculino,79.0,RN,1.0
Feminino,108.0,,1.0
Masculino,41.0,RS,67411.0
Feminino,36.0,RS,50487.0
Masculino,73.0,RS,24615.0
Feminino,40.0,,38178.0
Feminino,69.0,,12041.0
Masculino,51.0,,40206.0
Masculino,53.0,RS,40460.0
Masculino,35.0,RS,52034.0
Feminino,22.0,RS,18989.0
Masculino,82.0,RS,9404.0
Feminino,42.0,,36165.0
Masculino,22.0,,58498.0
Masculino,59.0,RS,39232.0
Não Informado,54.0,RS,2500.0
Feminino,60.0,SC,4872.0
Feminino,82.0,RS,9196.0
Feminino,29.0,PR,8189.0
Feminino,28.0,PR,7746.0
Feminino,68.0,RS,31171.0
Masculino,9.0,RS,26558.0
Masculino,61.0,,31572.0
Feminino,67.0,RS,31898.0
Masculino,33.0,,62478.0
Feminino,27.0,RS,44383.0
Feminino,24.0,,41424.0
Masculino,21.0,RS,21805.0
Masculino,32.0,,66321.0
Masculino,55.0,PR,5880.0
Feminino,31.0,PR,8783.0
Masculino,6.0,RS,4927.0
Masculino,44.0,RS,58198.0
Masculino,30.0,RS,48895.0
Feminino,61.0,RS,40460.0
Masculino,35.0,,61831.0
Não Informado,32.0,RS,4000.0
Feminino,18.0,,20910.0
Masculino,35.0,SC,7250.0
Não Informado,30.0,RS,4167.0
Feminino,7.0,RS,3334.0
Não Informado,55.0,RS,2366.0
Masculino,25.0,PR,5024.0
Masculino,57.0,PR,5547.0
Feminino,17.0,,14638.0
Feminino,71.0,PR,2258.0
Masculino,80.0,PR,1181.0
Masculino,33.0,SC,6681.0
Feminino,53.0,SC,5610.0
Feminino,87.0,PR,205.0
Não Informado,61.0,RS,2209.0
Masculino,62.0,SP,27.0
Masculino,16.0,SC,243.0
Masculino,37.0,BA,4.0
Masculino,43.0,SP,31.0
Não Informado,87.0,RS,287.0
Masculino,18.0,MG,25.0
Masculino,39.0,SP,29.0
Masculino,53.0,MG,12.0
Não Informado,29.0,,6.0
Masculino,41.0,ES,3.0
Masculino,36.0,RS,63664.0
Masculino,45.0,RS,55355.0
Masculino,23.0,RS,28332.0
Feminino,36.0,,43362.0
Masculino,39.0,,62033.0
Feminino,55.0,SC,5394.0
Feminino,33.0,SC,7408.0
Feminino,41.0,,40088.0
Masculino,46.0,PR,9062.0
Masculino,49.0,SC,6060.0
Feminino,57.0,,20810.0
Masculino,35.0,PR,8235.0
Feminino,69.0,PR,2543.0
Feminino,49.0,SC,6757.0
Masculino,27.0,SC,6105.0
Feminino,56.0,,22968.0
Feminino,54.0,SC,5838.0
Feminino,24.0,PR,5108.0
Masculino,65.0,PR,3921.0
Feminino,14.0,,2407.0
Masculino,39.0,SC,8492.0
Masculino,68.0,SC,3361.0
Feminino,62.0,SC,4713.0
Feminino,56.0,SC,5754.0
Feminino,30.0,SC,6889.0
Masculino,72.0,,14533.0
Feminino,8.0,,612.0
Masculino,54.0,SC,5366.0
Não Informado,77.0,RS,912.0
Masculino,76.0,PR,2283.0
Masculino,1.0,,1288.0
Feminino,91.0,,366.0
Masculino,3.0,RS,4125.0
Masculino,49.0,MG,19.0
Masculino,106.0,,51.0
Masculino,93.0,,337.0
Masculino,8.0,SC,420.0
Masculino,14.0,SC,161.0
Feminino,19.0,PR,1038.0
Feminino,43.0,PA,4.0
Feminino,71.0,BA,2.0
Feminino,75.0,SP,14.0
Não Informado,14.0,RS,395.0
Feminino,7.0,PR,37.0
Masculino,104.0,PR,7.0
Masculino,59.0,SP,32.0
Não Informado,2.0,RS,287.0
Masculino,6.0,PR,77.0
Masculino,44.0,SP,31.0
Feminino,96.0,,96.0
Feminino,91.0,SC,148.0
Feminino,1.0,SC,97.0
Masculino,104.0,RS,81.0
Masculino,31.0,BA,8.0
Masculino,64.0,SP,14.0
Masculino,46.0,MA,5.0
Feminino,29.0,SP,14.0
Masculino,71.0,SP,21.0
Feminino,15.0,PR,49.0
Masculino,26.0,SP,17.0
Masculino,19.0,BA,8.0
Feminino,42.0,SP,19.0
Não Informado,36.0,SC,7.0
Feminino,60.0,RJ,6.0
Feminino,60.0,MS,3.0
Feminino,84.0,SP,3.0
Feminino,45.0,SP,22.0
Feminino,53.0,RN,6.0
Feminino,62.0,RJ,8.0
Masculino,47.0,RN,6.0
Feminino,24.0,GO,2.0
Feminino,65.0,RJ,9.0
Masculino,6.0,SP,3.0
Masculino,57.0,,31549.0
Não Informado,88.0,RS,258.0
Masculino,63.0,SP,28.0
Não Informado,35.0,RS,3807.0
Não Informado,18.0,RS,1117.0
Feminino,69.0,SC,3139.0
Feminino,79.0,,3925.0
Feminino,89.0,,541.0
Feminino,103.0,RS,51.0
Feminino,3.0,RS,2348.0
Feminino,47.0,SP,20.0
Masculino,0.0,,589.0
Masculino,3.0,SC,156.0
Feminino,11.0,SC,276.0
Masculino,90.0,PR,199.0
Masculino,69.0,ES,6.0
Feminino,9.0,PR,12.0
Feminino,34.0,RJ,7.0
Masculino,41.0,RJ,11.0
Feminino,104.0,,15.0
Feminino,61.0,PA,4.0
Feminino,60.0,TO,2.0
Masculino,65.0,SP,17.0
Não Informado,35.0,,6.0
Não Informado,46.0,SC,10.0
Feminino,50.0,SP,16.0
Masculino,39.0,RJ,8.0
Masculino,83.0,BA,2.0
Feminino,72.0,RJ,14.0
Masculino,65.0,SC,3681.0
Não Informado,16.0,RS,661.0
Feminino,42.0,DF,5.0
Masculino,44.0,MS,9.0
Feminino,44.0,SP,25.0
Não Informado,106.0,RS,7.0
Masculino,26.0,RJ,8.0
Masculino,71.0,PE,3.0
Feminino,63.0,RN,5.0
Feminino,39.0,MG,8.0
Feminino,78.0,SP,8.0
Masculino,32.0,PB,2.0
Masculino,50.0,SP,16.0
Masculino,30.0,CE,4.0
Feminino,28.0,MA,5.0
Feminino,95.0,PR,25.0
Masculino,77.0,RN,3.0
Masculino,27.0,MS,4.0
Masculino,37.0,CE,3.0
Não Informado,41.0,,5.0
Feminino,27.0,RJ,9.0
Masculino,81.0,SP,3.0
Masculino,44.0,BA,9.0
Masculino,66.0,AC,3.0
Masculino,42.0,GO,3.0
Feminino,114.0,RS,7.0
Não Informado,48.0,SC,9.0
Feminino,51.0,AL,4.0
Feminino,65.0,MS,3.0
Masculino,54.0,RO,3.0
Feminino,28.0,MG,5.0
Feminino,45.0,TO,3.0
Feminino,30.0,PB,4.0
Feminino,59.0,RJ,7.0
Masculino,79.0,DF,2.0
Masculino,54.0,MG,8.0
Não Informado,26.0,SC,6.0
Feminino,68.0,GO,2.0
Masculino,46.0,MT,2.0
Feminino,107.0,PR,2.0
Feminino,-22.0,,2.0
Masculino,101.0,PR,7.0
Não Informado,41.0,PR,3.0
Feminino,30.0,BA,4.0
Feminino,33.0,MA,2.0
Masculino,110.0,RS,7.0
Masculino,-22.0,RS,5.0
Masculino,-21.0,RS,4.0
Masculino,21.0,RN,7.0
Feminino,36.0,PE,5.0
Feminino,34.0,PB,4.0
Masculino,26.0,MG,9.0
Não Informado,30.0,,6.0
Feminino,48.0,PB,3.0
Masculino,27.0,MA,3.0
Feminino,52.0,MG,5.0
Não Informado,65.0,SC,3.0
Não Informado,46.0,,4.0
Feminino,62.0,RN,6.0
Masculino,31.0,MT,3.0
Não Informado,54.0,,4.0
Masculino,22.0,MA,2.0
Feminino,76.0,TO,3.0
Masculino,34.0,GO,4.0
Feminino,61.0,MT,8.0
Feminino,43.0,MT,3.0
Feminino,-16.0,RS,5.0
Feminino,60.0,BA,5.0
Masculino,30.0,TO,2.0
Não Informado,44.0,PR,4.0
Masculino,50.0,BA,7.0
Feminino,-23.0,RS,6.0
Não Informado,42.0,,4.0
Masculino,104.0,SC,5.0
Feminino,915.0,RS,2.0
Feminino,69.0,GO,2.0
Feminino,70.0,MS,5.0
Feminino,29.0,MG,4.0
Masculino,55.0,TO,5.0
Feminino,57.0,MS,5.0
Feminino,26.0,GO,2.0
Feminino,54.0,GO,2.0
Não Informado,51.0,PR,4.0
Não Informado,71.0,,3.0
Masculino,74.0,MG,6.0
Feminino,41.0,BA,7.0
Masculino,71.0,PA,2.0
Masculino,35.0,RN,4.0
Feminino,41.0,MG,8.0
Feminino,32.0,AM,4.0
Feminino,10.0,MG,3.0
Masculino,28.0,SE,2.0
Masculino,63.0,RJ,5.0
Masculino,36.0,BA,4.0
Feminino,66.0,MA,2.0
Masculino,-15.0,RS,5.0
Feminino,31.0,SE,2.0
Feminino,69.0,RJ,6.0
Masculino,32.0,DF,3.0
Masculino,42.0,BA,8.0
Masculino,56.0,MA,3.0
Feminino,78.0,TO,2.0
Feminino,77.0,SP,6.0
Não Informado,39.0,SC,8.0
Não Informado,50.0,SC,9.0
Masculino,53.0,MS,4.0
Masculino,27.0,CE,3.0
Masculino,49.0,GO,2.0
Feminino,66.0,MG,8.0
Feminino,48.0,AL,3.0
Masculino,52.0,TO,3.0
Não Informado,63.0,SC,3.0
Masculino,103.0,PR,4.0
Masculino,48.0,PA,2.0
Feminino,54.0,RJ,6.0
Feminino,56.0,RN,3.0
Feminino,60.0,GO,5.0
Masculino,16.0,RR,2.0
Feminino,119.0,RS,4.0
Feminino,25.0,MA,3.0
Feminino,30.0,DF,2.0
Feminino,45.0,PE,4.0
Não Informado,48.0,PR,4.0
Feminino,25.0,PB,2.0
Feminino,34.0,PA,3.0
Feminino,24.0,PI,2.0
Não Informado,27.0,SC,2.0
Feminino,36.0,MT,2.0
Feminino,49.0,CE,2.0
Não Informado,50.0,PR,3.0
Masculino,34.0,PA,4.0
Feminino,36.0,TO,2.0
Masculino,50.0,AM,2.0
Masculino,40.0,AM,2.0
Feminino,63.0,BA,2.0
Masculino,47.0,MT,4.0
Masculino,30.0,PE,5.0
Masculino,35.0,MT,2.0
Feminino,39.0,PA,4.0
Feminino,54.0,MS,3.0
Masculino,62.0,DF,3.0
Feminino,33.0,AM,2.0
Masculino,37.0,GO,2.0
Não Informado,49.0,,3.0
Feminino,35.0,GO,3.0
Masculino,68.0,RN,5.0
Masculino,28.0,PE,4.0
Feminino,8.0,MG,3.0
Masculino,73.0,RN,2.0
Feminino,52.0,AM,2.0
Masculino,40.0,PE,3.0
Masculino,56.0,PI,2.0
Não Informado,24.0,PR,2.0
Feminino,36.0,PA,2.0
Não Informado,71.0,PR,2.0
Masculino,51.0,ES,3.0
Não Informado,35.0,PR,2.0
Masculino,63.0,PE,4.0
Masculino,22.0,PA,2.0
Feminino,63.0,GO,3.0
Masculino,37.0,PA,2.0
Masculino,65.0,ES,2.0
Masculino,57.0,MT,2.0
Masculino,56.0,GO,2.0
Não Informado,59.0,SC,2.0
Feminino,25.0,RJ,3.0
Masculino,22.0,MS,3.0
Feminino,31.0,PA,2.0
Masculino,58.0,MT,4.0
Masculino,35.0,GO,2.0
Feminino,24.0,BA,2.0
Masculino,7.0,SP,3.0
Não Informado,32.0,SC,4.0
Feminino,85.0,RJ,2.0
Masculino,64.0,MT,3.0
Masculino,64.0,PE,3.0
Masculino,69.0,TO,2.0
Não Informado,65.0,,2.0
Feminino,27.0,DF,1.0
Masculino,66.0,AP,1.0
Feminino,19.0,RR,1.0
Masculino,73.0,PA,1.0
Feminino,123.0,PR,1.0
Feminino,80.0,AL,1.0
Não Informado,62.0,,1.0
Feminino,55.0,AP,1.0
Masculino,6.0,RO,1.0
Não Informado,56.0,,1.0
Masculino,62.0,PA,1.0
Feminino,76.0,PE,1.0
Masculino,61.0,PB,1.0
Não Informado,64.0,PR,1.0
Feminino,53.0,MT,1.0
Feminino,60.0,RO,1.0
Feminino,59.0,PB,1.0
Não Informado,77.0,,1.0
Feminino,26.0,AL,1.0
Masculino,50.0,AP,1.0
Masculino,21.0,PB,1.0
Feminino,79.0,TO,1.0
Feminino,9.0,MA,1.0
Masculino,25.0,PI,1.0
Feminino,79.0,AM,1.0
Feminino,53.0,PE,1.0
Feminino,39.0,SE,1.0
Feminino,36.0,CE,1.0
Feminino,63.0,MT,1.0
Masculino,65.0,RR,1.0
Não Informado,109.0,RS,1.0
Masculino,83.0,SE,1.0
Feminino,17.0,TO,1.0
Feminino,51.0,AM,1.0
Feminino,57.0,SE,1.0
Feminino,74.0,MT,1.0
Masculino,51.0,GO,1.0
Masculino,44.0,SE,1.0
Não Informado,36.0,PR,1.0
Feminino,89.0,BA,1.0
Masculino,61.0,PI,1.0
Masculino,56.0,ES,1.0
Masculino,29.0,TO,1.0
Masculino,70.0,MA,2.0
Masculino,2.0,MG,1.0
Não Informado,108.0,RS,1.0
Feminino,33.0,DF,1.0
Masculino,123.0,PR,1.0
Masculino,83.0,SP,1.0
Não Informado,67.0,SC,1.0
Feminino,45.0,AL,1.0
Não Informado,17.0,SC,1.0
Não Informado,18.0,SC,1.0
Masculino,38.0,PI,1.0
Masculino,78.0,AL,1.0
Feminino,9.0,MG,1.0
Masculino,29.0,PI,1.0
Masculino,41.0,PB,1.0
Feminino,25.0,SE,1.0
Feminino,35.0,PI,1.0
Masculino,81.0,AC,1.0
Masculino,14.0,AM,1.0
Não Informado,29.0,SC,1.0
Feminino,56.0,CE,1.0
Feminino,50.0,MA,1.0
Masculino,53.0,AP,1.0
Feminino,35.0,AM,1.0
Masculino,44.0,RR,1.0
Masculino,69.0,AL,1.0
Masculino,23.0,PE,1.0
Masculino,58.0,SE,1.0
Feminino,76.0,MG,1.0
Feminino,56.0,PE,1.0
Feminino,31.0,TO,1.0
Não Informado,64.0,SC,1.0
Feminino,79.0,MS,1.0
Feminino,25.0,CE,1.0
Masculino,18.0,TO,1.0
Feminino,-9.0,RS,1.0
Feminino,15.0,SP,1.0
Masculino,81.0,RN,1.0
Masculino,-13.0,RS,1.0
Feminino,72.0,DF,1.0
Feminino,7.0,PE,1.0
Feminino,50.0,TO,1.0
Masculino,76.0,PE,1.0
Masculino,38.0,TO,1.0
Masculino,33.0,RO,1.0
Feminino,28.0,TO,1.0
Feminino,49.0,AM,1.0
Feminino,84.0,PA,1.0
Masculino,7.0,MG,1.0
Masculino,76.0,AC,1.0
Feminino,80.0,TO,1.0
Masculino,57.0,PB,1.0
Feminino,20.0,MA,1.0
Não Informado,53.0,PR,1.0
Masculino,63.0,AC,1.0
Não Informado,116.0,RS,1.0
Masculino,52.0,GO,1.0
Masculino,70.0,PB,1.0
Masculino,41.0,RR,1.0
Masculino,51.0,AM,1.0
Masculino,67.0,GO,1.0
Feminino,72.0,CE,1.0
Masculino,71.0,RO,1.0
Masculino,69.0,PI,1.0
Masculino,56.0,AP,1.0
Não Informado,81.0,PR,1.0
Feminino,85.0,AL,1.0
Masculino,63.0,PA,1.0
Feminino,45.0,AC,1.0
Masculino,60.0,DF,1.0
Feminino,51.0,MT,1.0
Feminino,76.0,AL,1.0
Feminino,19.0,CE,1.0
Masculino,75.0,DF,1.0
Feminino,47.0,MA,1.0
Feminino,77.0,PA,1.0
Feminino,77.0,SE,1.0
Não Informado,119.0,RS,1.0
Não Informado,38.0,SC,1.0
Masculino,49.0,TO,1.0
Feminino,69.0,RO,1.0
Masculino,60.0,MS,1.0
Masculino,32.0,RS,51371.0
Feminino,41.0,RS,55339.0
Feminino,32.0,,45001.0
Feminino,50.0,,26849.0
Feminino,28.0,,45680.0
Feminino,31.0,RS,42373.0
Masculino,30.0,,67369.0
Feminino,21.0,,38374.0
Masculino,81.0,RS,12583.0
Feminino,18.0,RS,6034.0
Masculino,37.0,,62701.0
Feminino,9.0,,989.0
Não Informado,27.0,RS,5076.0
Feminino,11.0,RS,3430.0
Masculino,50.0,,40353.0
Feminino,101.0,RS,109.0
Não Informado,46.0,RS,7145.0
Feminino,53.0,RS,36105.0
Masculino,83.0,RS,8253.0
Masculino,20.0,RS,16834.0
Feminino,12.0,RS,2526.0
Feminino,48.0,SC,7483.0
Feminino,91.0,RS,2267.0
Masculino,43.0,,53676.0
Masculino,68.0,PR,3365.0
Feminino,80.0,PR,760.0
Masculino,52.0,SC,5512.0
Masculino,53.0,SC,5226.0
Masculino,29.0,PR,7383.0
Feminino,64.0,,17156.0
Masculino,49.0,PR,6667.0
Feminino,23.0,PR,4294.0
Masculino,32.0,PR,8020.0
Masculino,73.0,PR,2400.0
Masculino,5.0,RS,4060.0
Feminino,22.0,SC,2707.0
Não Informado,6.0,RS,323.0
Feminino,65.0,PR,3272.0
Não Informado,62.0,RS,1978.0
Feminino,85.0,SC,421.0
Masculino,90.0,SC,169.0
Feminino,90.0,,452.0
Masculino,75.0,SP,15.0
Feminino,5.0,PR,120.0
Masculino,16.0,PR,134.0
Não Informado,93.0,RS,110.0
Feminino,76.0,RJ,3.0
Feminino,39.0,GO,5.0
Feminino,126.0,PR,24.0
Feminino,50.0,MG,5.0
Masculino,63.0,MG,24.0
Masculino,7.0,PR,41.0
Não Informado,34.0,SC,7.0
Feminino,117.0,RS,11.0
Masculino,108.0,,4.0
Masculino,26.0,CE,4.0
Feminino,98.0,,33.0
Feminino,11.0,PR,20.0
Não Informado,22.0,,11.0
Masculino,16.0,,11907.0
Feminino,47.0,RS,44729.0
Não Informado,59.0,RS,1932.0
Masculino,87.0,RS,4323.0
Feminino,83.0,RS,8283.0
Feminino,17.0,RS,4889.0
Masculino,7.0,RS,4676.0
Feminino,42.0,PR,7707.0
Masculino,26.0,SC,6120.0
Feminino,40.0,SC,8660.0
Feminino,46.0,PR,8353.0
Feminino,2.0,RS,2486.0
Masculino,78.0,PR,1391.0
Feminino,57.0,SC,5179.0
Feminino,68.0,,13017.0
Masculino,79.0,SC,1238.0
Feminino,83.0,,1944.0
Masculino,32.0,MG,13.0
Feminino,76.0,SC,1979.0
Feminino,21.0,SC,2098.0
Masculino,4.0,,1449.0
Masculino,70.0,PR,3114.0
Feminino,11.0,,568.0
Não Informado,86.0,RS,394.0
Masculino,10.0,SC,117.0
Não Informado,69.0,RS,1416.0
Feminino,18.0,SC,483.0
Masculino,121.0,RS,21.0
Feminino,95.0,,129.0
Masculino,19.0,SC,757.0
Masculino,112.0,RS,12.0
Feminino,122.0,RS,7.0
Feminino,45.0,RN,5.0
Masculino,65.0,MT,3.0
Masculino,56.0,SP,25.0
Masculino,102.0,,27.0
Feminino,115.0,,19.0
Feminino,95.0,SC,43.0
Masculino,36.0,MG,26.0
Masculino,14.0,MG,68.0
Masculino,42.0,MG,22.0
Masculino,25.0,SP,11.0
Feminino,32.0,MA,4.0
Feminino,27.0,SP,14.0
Masculino,47.0,MG,17.0
Masculino,95.0,SC,40.0
Masculino,114.0,,12.0
Feminino,0.0,,89.0
Masculino,39.0,RN,8.0
Masculino,126.0,PR,33.0
Masculino,33.0,BA,5.0
Feminino,28.0,RN,3.0
Masculino,96.0,SC,30.0
Feminino,46.0,TO,4.0
Feminino,114.0,,7.0
Feminino,74.0,RJ,7.0
Feminino,42.0,RJ,10.0
Masculino,77.0,ES,2.0
Masculino,78.0,SP,12.0
Feminino,27.0,SC,6670.0
Feminino,87.0,,913.0
Não Informado,56.0,RS,2698.0
Feminino,93.0,,233.0
Não Informado,65.0,RS,1643.0
Masculino,15.0,PR,62.0
Feminino,126.0,RS,28.0
Feminino,84.0,,1599.0
Feminino,27.0,RN,6.0
Masculino,47.0,TO,7.0
Masculino,42.0,SP,34.0
Feminino,97.0,,49.0
Masculino,57.0,SP,34.0
Feminino,37.0,RJ,4.0
Feminino,74.0,SP,14.0
Masculino,95.0,PR,43.0
Feminino,4.0,SC,124.0
Masculino,117.0,RS,21.0
Masculino,38.0,MG,21.0
Feminino,26.0,RJ,6.0
Masculino,45.0,MS,6.0
Masculino,15.0,MG,109.0
Feminino,3.0,SC,107.0
Feminino,67.0,RJ,8.0
Masculino,40.0,AL,4.0
Feminino,53.0,MG,8.0
Masculino,111.0,RS,14.0
Masculino,53.0,RN,5.0
Feminino,33.0,RN,7.0
Feminino,41.0,RJ,12.0
Masculino,58.0,MG,7.0
Feminino,37.0,PB,2.0
Feminino,35.0,CE,6.0
Masculino,105.0,RS,16.0
Masculino,61.0,BA,4.0
Masculino,76.0,SP,10.0
Feminino,45.0,DF,4.0
Masculino,25.0,RJ,5.0
Masculino,39.0,RO,3.0
Masculino,48.0,MA,4.0
Masculino,69.0,BA,3.0
Masculino,45.0,RJ,12.0
Feminino,28.0,RJ,8.0
Masculino,-18.0,RS,8.0
Masculino,44.0,PA,5.0
Masculino,61.0,DF,2.0
Feminino,37.0,AL,7.0
Não Informado,57.0,PR,3.0
Não Informado,33.0,,8.0
Masculino,57.0,MG,7.0
Feminino,43.0,RJ,8.0
Masculino,109.0,,11.0
Masculino,65.0,GO,2.0
Masculino,36.0,MS,3.0
Feminino,32.0,RJ,10.0
Feminino,80.0,MT,3.0
Masculino,37.0,PE,5.0
Feminino,58.0,MG,6.0
Masculino,38.0,MA,4.0
Masculino,32.0,RJ,11.0
Não Informado,100.0,RS,14.0
Feminino,103.0,,12.0
Masculino,62.0,MG,9.0
Feminino,58.0,RJ,12.0
Feminino,26.0,MG,7.0
Feminino,47.0,MG,12.0
Feminino,31.0,RO,2.0
Masculino,38.0,PE,4.0
Masculino,55.0,MG,6.0
Feminino,67.0,PE,3.0
Masculino,111.0,,9.0
Masculino,53.0,RJ,6.0
Feminino,61.0,AC,2.0
Masculino,39.0,BA,11.0
Feminino,72.0,ES,4.0
Feminino,70.0,MG,4.0
Masculino,74.0,MT,2.0
Masculino,41.0,DF,5.0
Masculino,27.0,AC,2.0
Feminino,20.0,SP,5.0
Masculino,33.0,AL,2.0
Masculino,36.0,GO,2.0
Não Informado,51.0,SC,3.0
Masculino,45.0,PB,8.0
Feminino,125.0,SC,3.0
Masculino,66.0,MT,5.0
Masculino,9.0,MG,4.0
Feminino,-21.0,RS,5.0
Feminino,72.0,MG,3.0
Feminino,63.0,TO,6.0
Feminino,50.0,GO,3.0
Feminino,40.0,AL,5.0
Masculino,34.0,PE,6.0
Feminino,115.0,SC,5.0
Masculino,53.0,PA,4.0
Masculino,60.0,AM,2.0
Masculino,52.0,MA,4.0
Masculino,58.0,PE,3.0
Feminino,34.0,DF,3.0
Não Informado,43.0,SC,4.0
Feminino,71.0,GO,4.0
Feminino,62.0,AM,2.0
Masculino,112.0,,4.0
Feminino,7.0,MG,2.0
Masculino,100.0,SC,7.0
Masculino,63.0,MT,4.0
Masculino,18.0,RN,2.0
Feminino,26.0,PE,5.0
Não Informado,58.0,SC,5.0
Feminino,69.0,CE,2.0
Masculino,43.0,AM,2.0
Masculino,68.0,MG,6.0
Feminino,44.0,BA,3.0
Feminino,70.0,PE,4.0
Feminino,41.0,MS,5.0
Feminino,63.0,PI,4.0
Masculino,42.0,MS,8.0
Masculino,25.0,GO,2.0
Masculino,75.0,PE,2.0
Não Informado,34.0,,9.0
Masculino,62.0,BA,2.0
Masculino,56.0,PE,3.0
Não Informado,103.0,RS,5.0
Feminino,54.0,TO,3.0
Não Informado,23.0,PR,4.0
Não Informado,32.0,,5.0
Masculino,63.0,AM,3.0
Feminino,69.0,DF,3.0
Masculino,56.0,RJ,2.0
Masculino,58.0,MS,3.0
Feminino,46.0,PE,4.0
Masculino,44.0,DF,6.0
Feminino,40.0,DF,3.0
Masculino,28.0,AC,3.0
Masculino,60.0,RJ,3.0
Não Informado,35.0,SC,6.0
Masculino,59.0,GO,3.0
Masculino,44.0,AL,3.0
Feminino,58.0,MT,3.0
Feminino,70.0,MA,4.0
Masculino,58.0,AM,2.0
Masculino,43.0,MS,6.0
Masculino,80.0,SP,4.0
Masculino,44.0,PI,3.0
Não Informado,33.0,SC,2.0
Masculino,63.0,PB,2.0
Não Informado,52.0,,5.0
Não Informado,60.0,,2.0
Feminino,27.0,AM,3.0
Masculino,39.0,PB,4.0
Masculino,45.0,RN,4.0
Feminino,37.0,PE,4.0
Masculino,106.0,SC,5.0
Feminino,52.0,MA,3.0
Não Informado,105.0,RS,3.0
Não Informado,104.0,RS,4.0
Feminino,75.0,MG,2.0
Feminino,103.0,PR,4.0
Feminino,105.0,,2.0
Masculino,26.0,MS,3.0
Feminino,53.0,DF,2.0
Feminino,70.0,BA,2.0
Masculino,32.0,AC,3.0
Feminino,70.0,CE,3.0
Masculino,69.0,PB,4.0
Masculino,71.0,BA,2.0
Masculino,72.0,GO,3.0
Masculino,59.0,PE,3.0
Feminino,46.0,ES,2.0
Masculino,74.0,RN,3.0
Masculino,68.0,CE,2.0
Feminino,35.0,PE,4.0
Feminino,-19.0,,3.0
Feminino,47.0,DF,3.0
Masculino,38.0,PB,2.0
Feminino,38.0,RN,2.0
Masculino,73.0,MG,3.0
Feminino,30.0,MG,4.0
Feminino,35.0,BA,2.0
Feminino,30.0,CE,2.0
Masculino,49.0,MT,2.0
Feminino,77.0,ES,2.0
Masculino,-17.0,,2.0
Masculino,39.0,PE,4.0
Masculino,79.0,RJ,4.0
Masculino,46.0,TO,2.0
Masculino,77.0,MT,2.0
Feminino,37.0,MT,2.0
Feminino,39.0,AL,3.0
Feminino,52.0,RN,2.0
Feminino,37.0,PI,2.0
Feminino,43.0,RO,2.0
Feminino,22.0,RN,2.0
Masculino,70.0,ES,2.0
Não Informado,107.0,RS,2.0
Masculino,21.0,RO,2.0
Masculino,65.0,RJ,3.0
Masculino,56.0,CE,2.0
Feminino,54.0,MT,4.0
Masculino,77.0,TO,2.0
Masculino,29.0,MG,3.0
Masculino,35.0,MS,4.0
Feminino,22.0,RJ,3.0
Não Informado,45.0,SC,3.0
Feminino,71.0,PB,2.0
Masculino,75.0,MS,3.0
Masculino,40.0,RR,2.0
Feminino,46.0,AC,2.0
Feminino,24.0,MT,2.0
Masculino,19.0,MA,2.0
Feminino,33.0,PB,2.0
Feminino,73.0,DF,2.0
Feminino,52.0,CE,2.0
Feminino,55.0,MA,2.0
Feminino,52.0,TO,2.0
Masculino,31.0,PA,3.0
Feminino,38.0,CE,2.0
Masculino,59.0,PB,3.0
Feminino,59.0,MS,2.0
Feminino,45.0,MT,3.0
Feminino,38.0,AL,2.0
Masculino,29.0,RO,2.0
Masculino,54.0,PE,3.0
Feminino,79.0,RJ,3.0
Masculino,78.0,MS,2.0
Masculino,39.0,AM,2.0
Masculino,35.0,DF,2.0
Masculino,64.0,TO,2.0
Não Informado,75.0,SC,2.0
Não Informado,-22.0,RS,2.0
Feminino,60.0,AL,2.0
Masculino,48.0,AL,1.0
Feminino,33.0,CE,1.0
Feminino,90.0,SP,1.0
Feminino,80.0,RN,1.0
Masculino,97.0,PE,1.0
Masculino,48.0,AM,1.0
Masculino,17.0,RO,1.0
Masculino,71.0,RN,1.0
Feminino,81.0,GO,1.0
Masculino,55.0,AL,1.0
Masculino,54.0,MA,1.0
Masculino,85.0,MT,1.0
Feminino,38.0,PB,1.0
Masculino,34.0,SE,1.0
Masculino,84.0,ES,1.0
Feminino,27.0,AL,1.0
Feminino,64.0,PA,1.0
Feminino,24.0,RN,1.0
Masculino,23.0,AM,1.0
Feminino,62.0,GO,1.0
Feminino,21.0,GO,1.0
Masculino,73.0,DF,1.0
Masculino,31.0,RR,1.0
Masculino,26.0,AP,1.0
Masculino,84.0,SP,1.0
Feminino,44.0,PE,1.0
Masculino,12.0,RJ,1.0
Feminino,53.0,AC,1.0
Masculino,59.0,PA,1.0
Feminino,22.0,AP,1.0
Feminino,35.0,MA,1.0
Masculino,75.0,PB,1.0
Feminino,14.0,PA,1.0
Masculino,65.0,AC,1.0
Masculino,21.0,PE,1.0
Não Informado,70.0,PR,1.0
Feminino,63.0,AL,2.0
Feminino,106.0,SC,2.0
Masculino,65.0,SE,1.0
Feminino,22.0,AM,1.0
Não Informado,75.0,MA,1.0
Masculino,7.0,AC,1.0
Masculino,55.0,RR,1.0
Masculino,-15.0,,1.0
Feminino,59.0,SE,1.0
Não Informado,81.0,,1.0
Feminino,87.0,RJ,1.0
Feminino,86.0,SP,1.0
Masculino,19.0,AC,1.0
Masculino,48.0,CE,1.0
Masculino,78.0,PA,1.0
Feminino,73.0,PA,1.0
Masculino,18.0,PB,1.0
Masculino,3.0,SP,1.0
Não Informado,-20.0,RS,1.0
Masculino,5.0,PA,1.0
Feminino,81.0,RO,1.0
Masculino,61.0,MA,1.0
Masculino,62.0,GO,1.0
Feminino,67.0,RR,1.0
Masculino,47.0,AP,1.0
Feminino,28.0,PB,2.0
Masculino,29.0,ES,1.0
Masculino,65.0,DF,1.0
Masculino,71.0,PB,1.0
Masculino,60.0,AP,1.0
Feminino,2.0,RN,1.0
Masculino,14.0,SP,1.0
Masculino,13.0,PB,1.0
Feminino,61.0,AL,1.0
Feminino,21.0,RN,1.0
Feminino,31.0,DF,2.0
Masculino,48.0,SE,1.0
Feminino,88.0,RN,1.0
Feminino,81.0,RN,1.0
Feminino,26.0,AP,1.0
Masculino,74.0,GO,1.0
Feminino,71.0,AL,1.0
Feminino,77.0,CE,1.0
Feminino,64.0,RO,1.0
Feminino,-7.0,,1.0
Feminino,55.0,PA,1.0
Feminino,102.0,CE,1.0
Masculino,16.0,RN,1.0
Masculino,61.0,PE,1.0
Masculino,43.0,DF,1.0
Feminino,67.0,AC,2.0
Feminino,50.0,PB,1.0
Não Informado,52.0,SC,1.0
Masculino,57.0,RO,1.0
Masculino,85.0,CE,1.0
Masculino,23.0,AC,1.0
Feminino,26.0,MA,1.0
Feminino,39.0,AC,2.0
Feminino,17.0,SP,1.0
Feminino,72.0,AP,1.0
Não Informado,61.0,,2.0
Feminino,23.0,RJ,1.0
Feminino,23.0,PA,1.0
Feminino,36.0,PB,1.0
Masculino,0.0,PA,1.0
Masculino,37.0,PI,2.0
Masculino,127.0,RS,1.0
Masculino,53.0,MA,1.0
Feminino,76.0,BA,1.0
Feminino,71.0,SE,1.0
Masculino,82.0,MG,1.0
Masculino,20.0,TO,1.0
Feminino,74.0,GO,1.0
Feminino,56.0,RO,2.0
Feminino,75.0,BA,1.0
Masculino,34.0,PB,1.0
Feminino,41.0,ES,1.0
Feminino,84.0,MT,1.0
Feminino,39.0,RO,1.0
Masculino,59.0,RO,1.0
Masculino,-7.0,RS,1.0
Feminino,71.0,DF,1.0
Masculino,23.0,AL,1.0
Masculino,52.0,AM,1.0
Masculino,39.0,PI,1.0
Masculino,6.0,AM,1.0
Masculino,63.0,BA,1.0
Masculino,76.0,TO,2.0
Masculino,32.0,TO,1.0
Não Informado,79.0,,1.0
Não Informado,27.0,,3.0
Masculino,51.0,PI,1.0
Masculino,22.0,RN,1.0
Feminino,118.0,PR,1.0
Feminino,-12.0,,1.0
Feminino,26.0,BA,1.0
Feminino,78.0,AM,1.0
Feminino,140.0,PR,1.0
Feminino,27.0,PB,2.0
Feminino,54.0,AL,1.0
Masculino,17.0,BA,1.0
Masculino,61.0,SC,4950.0
Feminino,16.0,RS,3679.0
Feminino,45.0,,35421.0
Masculino,85.0,RS,5815.0
Feminino,87.0,RS,4310.0
Masculino,63.0,SC,4331.0
Feminino,42.0,RS,46114.0
Feminino,40.0,RS,46557.0
Feminino,32.0,RS,42025.0
Masculino,63.0,,27086.0
Não Informado,17.0,RS,2357.0
Feminino,30.0,,45519.0
Feminino,65.0,RS,33488.0
Feminino,23.0,,39300.0
Feminino,79.0,RS,13750.0
Feminino,86.0,,1218.0
Masculino,16.0,RS,5802.0
Masculino,74.0,,11534.0
Feminino,71.0,RS,27200.0
Feminino,19.0,RS,8307.0
Feminino,15.0,RS,3122.0
Não Informado,51.0,RS,3019.0
Feminino,89.0,RS,3181.0
Feminino,51.0,SC,6523.0
Masculino,48.0,PR,7553.0
Feminino,54.0,PR,5550.0
Masculino,71.0,PR,2845.0
Masculino,52.0,RS,43928.0
Feminino,94.0,RS,1118.0
Masculino,4.0,RS,4095.0
Masculino,60.0,,29813.0
Feminino,34.0,PR,8433.0
Não Informado,43.0,RS,3212.0
Feminino,35.0,PR,8793.0
Masculino,61.0,PR,5532.0
Feminino,67.0,PR,2872.0
Masculino,89.0,PR,226.0
Masculino,64.0,PR,4329.0
Masculino,93.0,RS,1004.0
Masculino,92.0,RS,1461.0
Feminino,70.0,PR,2438.0
Masculino,59.0,SC,4495.0
Feminino,71.0,SC,2718.0
Não Informado,50.0,RS,2855.0
Masculino,88.0,PR,326.0
Não Informado,41.0,RS,4133.0
Feminino,81.0,,2964.0
Masculino,82.0,,3609.0
Masculino,2.0,RS,4585.0
Masculino,80.0,,4918.0
Masculino,21.0,PR,2370.0
Masculino,17.0,SC,364.0
Não Informado,84.0,RS,434.0
Masculino,4.0,PR,128.0
Masculino,35.0,SP,28.0
Feminino,5.0,,591.0
Masculino,32.0,MA,7.0
Masculino,66.0,SP,32.0
Masculino,72.0,SP,19.0
Feminino,63.0,SP,24.0
Masculino,51.0,RJ,7.0
Masculino,16.0,MG,35.0
Não Informado,98.0,RS,27.0
Feminino,69.0,BA,4.0
Feminino,27.0,,51396.0
Masculino,34.0,MG,14.0
Feminino,38.0,SC,8774.0
Masculino,68.0,RS,34276.0
Não Informado,34.0,RS,3549.0
Feminino,66.0,RS,37596.0
Masculino,72.0,RS,28258.0
Masculino,80.0,RS,12505.0
Feminino,63.0,SC,4402.0
Masculino,37.0,SC,7799.0
Masculino,45.0,SC,7807.0
Feminino,75.0,SC,1920.0
Masculino,67.0,SC,3528.0
Feminino,66.0,SC,4305.0
Masculino,67.0,PR,3774.0
Não Informado,67.0,RS,1520.0
Feminino,63.0,PR,4024.0
Masculino,14.0,RS,4563.0
Masculino,13.0,,2086.0
Masculino,13.0,SC,119.0
Não Informado,76.0,RS,1262.0
Masculino,75.0,SC,1966.0
Feminino,92.0,RS,1671.0
Masculino,85.0,,1958.0
Feminino,20.0,SC,1418.0
Masculino,86.0,,1903.0
Masculino,6.0,SC,174.0
Feminino,48.0,MG,9.0
Masculino,27.0,MG,7.0
Masculino,17.0,PR,220.0
Masculino,8.0,PR,34.0
Masculino,80.0,SC,1036.0
Masculino,0.0,SC,45.0
Não Informado,41.0,SC,8.0
Feminino,4.0,,586.0
Feminino,80.0,SC,1013.0
Feminino,0.0,RS,147.0
Masculino,89.0,SC,227.0
Feminino,83.0,SC,626.0
Masculino,44.0,MG,21.0
Feminino,38.0,DF,5.0
Feminino,2.0,SC,91.0
Masculino,11.0,MG,21.0
Masculino,27.0,PA,6.0
Masculino,98.0,SC,11.0
Masculino,34.0,RJ,7.0
Não Informado,1.0,RS,135.0
Masculino,36.0,SP,39.0
Feminino,98.0,SC,22.0
Feminino,36.0,BA,7.0
Feminino,40.0,MG,7.0
Não Informado,63.0,,2.0
Masculino,48.0,SP,29.0
Feminino,8.0,PR,18.0
Feminino,29.0,RJ,9.0
Não Informado,23.0,,6.0
Masculino,69.0,RJ,12.0
Masculino,32.0,RO,2.0
Feminino,37.0,MS,6.0
Feminino,67.0,BA,3.0
Não Informado,24.0,,8.0
Feminino,33.0,SP,18.0
Masculino,88.0,RS,3663.0
Não Informado,49.0,RS,2934.0
Masculino,17.0,,19556.0
Não Informado,22.0,RS,2842.0
Masculino,55.0,SC,5181.0
Masculino,20.0,MG,9.0
Masculino,20.0,RN,12.0
Feminino,112.0,PR,2.0
Masculino,45.0,SP,28.0
Feminino,97.0,SC,20.0
Masculino,11.0,PR,23.0
Feminino,36.0,SP,25.0
Feminino,99.0,SC,14.0
Feminino,13.0,PR,42.0
Masculino,61.0,SP,21.0
Masculino,68.0,DF,5.0
Não Informado,56.0,SC,4.0
Feminino,10.0,PR,11.0
Feminino,23.0,AM,2.0
Masculino,120.0,,18.0
Feminino,99.0,,36.0
Masculino,59.0,MG,6.0
Masculino,42.0,DF,4.0
Feminino,74.0,MG,4.0
Masculino,73.0,SP,11.0
Não Informado,47.0,,3.0
Feminino,123.0,,5.0
Não Informado,21.0,SC,3.0
Masculino,42.0,RN,3.0
Feminino,32.0,PA,3.0
Masculino,69.0,GO,3.0
Feminino,40.0,PA,5.0
Feminino,41.0,RN,4.0
Feminino,32.0,MG,7.0
Masculino,54.0,BA,7.0
Masculino,-19.0,RS,7.0
Feminino,47.0,BA,5.0
Feminino,30.0,PA,6.0
Feminino,112.0,RS,4.0
Feminino,25.0,BA,3.0
Feminino,67.0,MG,9.0
Não Informado,21.0,,15.0
Feminino,48.0,RN,3.0
Feminino,65.0,RN,3.0
Feminino,42.0,MT,3.0
Masculino,57.0,PE,3.0
Não Informado,25.0,,6.0
Feminino,60.0,RN,5.0
Feminino,69.0,MS,6.0
Feminino,47.0,PI,4.0
Masculino,42.0,MA,4.0
Feminino,43.0,TO,4.0
Masculino,36.0,PA,5.0
Masculino,41.0,BA,7.0
Masculino,125.0,PR,6.0
Feminino,76.0,PA,2.0
Masculino,76.0,MT,2.0
Masculino,92.0,RJ,3.0
Feminino,-19.0,RS,7.0
Masculino,41.0,AL,2.0
Feminino,34.0,MS,5.0
Masculino,41.0,PE,7.0
Feminino,106.0,,12.0
Masculino,39.0,MT,4.0
Masculino,37.0,RJ,8.0
Masculino,69.0,MG,7.0
Feminino,28.0,AM,3.0
Masculino,53.0,TO,3.0
Masculino,44.0,RJ,4.0
Feminino,39.0,PI,3.0
Não Informado,45.0,PR,3.0
Feminino,73.0,TO,5.0
Masculino,36.0,RN,3.0
Masculino,45.0,TO,2.0
Feminino,26.0,PA,5.0
Masculino,37.0,MS,5.0
Masculino,64.0,CE,2.0
Masculino,31.0,MA,7.0
Masculino,26.0,AM,4.0
Feminino,27.0,BA,2.0
Feminino,53.0,BA,4.0
Feminino,55.0,MG,4.0
Feminino,81.0,SP,5.0
Masculino,47.0,BA,5.0
Masculino,47.0,CE,3.0
Feminino,40.0,RJ,8.0
Masculino,60.0,PA,2.0
Feminino,68.0,DF,2.0
Feminino,33.0,PA,5.0
Masculino,47.0,DF,4.0
Masculino,55.0,RJ,6.0
Feminino,56.0,AM,4.0
Masculino,43.0,RO,3.0
Feminino,30.0,AM,2.0
Feminino,43.0,RN,4.0
Masculino,40.0,PA,5.0
Masculino,34.0,DF,3.0
Feminino,35.0,PA,3.0
Feminino,69.0,TO,2.0
Feminino,126.0,SC,4.0
Feminino,54.0,BA,3.0
Masculino,31.0,PB,4.0
Feminino,72.0,MT,5.0
Masculino,29.0,MT,2.0
Masculino,82.0,SP,3.0
Feminino,44.0,RJ,6.0
Feminino,66.0,BA,3.0
Masculino,58.0,MA,2.0
Masculino,24.0,RN,2.0
Feminino,61.0,GO,3.0
Não Informado,0.0,,4.0
Feminino,47.0,AC,4.0
Feminino,110.0,,6.0
Não Informado,29.0,PR,2.0
Feminino,29.0,PE,6.0
Masculino,68.0,GO,3.0
Feminino,111.0,,4.0
Feminino,27.0,MG,3.0
Feminino,37.0,GO,5.0
Feminino,68.0,RJ,7.0
Feminino,38.0,MS,2.0
Feminino,29.0,MS,8.0
Feminino,55.0,GO,3.0
Masculino,42.0,AC,2.0
Masculino,34.0,MS,5.0
Masculino,73.0,MS,4.0
Feminino,58.0,BA,5.0
Feminino,40.0,RN,2.0
Masculino,28.0,PA,6.0
Feminino,68.0,CE,3.0
Masculino,67.0,MT,3.0
Masculino,46.0,ES,4.0
Feminino,52.0,GO,3.0
Masculino,115.0,SC,3.0
Feminino,47.0,RJ,5.0
Masculino,61.0,GO,2.0
Feminino,55.0,AL,3.0
Masculino,43.0,TO,3.0
Feminino,57.0,RN,3.0
Não Informado,28.0,SC,3.0
Masculino,52.0,MS,4.0
Masculino,66.0,RN,3.0
Feminino,-11.0,,2.0
Masculino,38.0,GO,3.0
Masculino,106.0,PR,3.0
Masculino,40.0,DF,2.0
Masculino,1.0,BA,3.0
Masculino,54.0,MT,3.0
Feminino,24.0,PA,3.0
Não Informado,44.0,SC,4.0
Feminino,61.0,DF,4.0
Masculino,55.0,ES,2.0
Feminino,30.0,RN,2.0
Masculino,58.0,TO,2.0
Feminino,89.0,SP,2.0
Masculino,51.0,AC,2.0
Masculino,66.0,MA,2.0
Feminino,68.0,TO,4.0
Feminino,47.0,PA,2.0
Masculino,8.0,SP,2.0
Masculino,14.0,RN,2.0
Masculino,47.0,RO,2.0
Masculino,51.0,CE,2.0
Feminino,60.0,CE,2.0
Masculino,61.0,PA,2.0
Masculino,31.0,RO,3.0
Masculino,69.0,MS,4.0
Masculino,70.0,AM,3.0
Masculino,46.0,DF,4.0
Feminino,34.0,PE,3.0
Masculino,24.0,MS,2.0
Não Informado,58.0,PR,2.0
Feminino,30.0,AC,3.0
Masculino,33.0,AM,2.0
Feminino,53.0,CE,2.0
Masculino,46.0,AL,2.0
Feminino,49.0,PA,2.0
Masculino,28.0,MA,2.0
Feminino,65.0,AM,2.0
Feminino,55.0,MT,3.0
Feminino,69.0,RN,3.0
Masculino,66.0,TO,2.0
Feminino,25.0,RN,2.0
Feminino,99.0,PR,3.0
Feminino,76.0,MT,2.0
Masculino,54.0,AL,2.0
Masculino,25.0,MG,2.0
Masculino,71.0,RJ,4.0
Feminino,42.0,ES,2.0
Masculino,22.0,AM,2.0
Feminino,24.0,AL,1.0
Masculino,74.0,ES,2.0
Masculino,69.0,RN,1.0
Feminino,56.0,PI,1.0
Feminino,61.0,RR,1.0
Feminino,34.0,AC,1.0
Feminino,140.0,,1.0
Feminino,96.0,RJ,1.0
Feminino,41.0,AM,1.0
Masculino,2.0,PA,1.0
Feminino,30.0,ES,1.0
Feminino,36.0,PI,1.0
Masculino,25.0,RN,1.0
Masculino,63.0,CE,1.0
Masculino,33.0,PB,1.0
Masculino,91.0,MG,1.0
Feminino,54.0,PI,1.0
Feminino,23.0,GO,1.0
Feminino,43.0,AL,1.0
Feminino,19.0,RJ,1.0
Masculino,58.0,PA,1.0
Feminino,23.0,RO,1.0
Feminino,53.0,SE,1.0
Feminino,64.0,AM,1.0
Feminino,31.0,PI,1.0
Masculino,36.0,AC,1.0
Masculino,67.0,AM,1.0
Feminino,101.0,AC,1.0
Feminino,30.0,RR,1.0
Masculino,81.0,PA,1.0
Feminino,-18.0,,1.0
Masculino,-8.0,,1.0
Masculino,64.0,PB,1.0
Feminino,49.0,GO,1.0
Masculino,24.0,AP,1.0
Masculino,88.0,SP,1.0
Masculino,62.0,RO,1.0
Masculino,13.0,GO,1.0
Masculino,37.0,DF,1.0
Masculino,7.0,PB,1.0
Masculino,37.0,SE,1.0
Feminino,27.0,RO,1.0
Masculino,20.0,BA,2.0
Feminino,25.0,GO,1.0
Masculino,75.0,AP,1.0
Masculino,64.0,DF,1.0
Masculino,61.0,RO,1.0
Feminino,-15.0,,2.0
Feminino,72.0,PA,1.0
Feminino,82.0,GO,1.0
Feminino,81.0,TO,1.0
Feminino,17.0,RJ,1.0
Masculino,85.0,DF,1.0
Masculino,47.0,PE,1.0
Masculino,3.0,PE,1.0
Feminino,43.0,ES,1.0
Masculino,-12.0,RS,1.0
Masculino,52.0,SE,1.0
Não Informado,73.0,,1.0
Feminino,27.0,PA,3.0
Masculino,56.0,PB,2.0
Feminino,59.0,AC,1.0
Masculino,24.0,GO,1.0
Masculino,70.0,RN,1.0
Masculino,26.0,PI,1.0
Feminino,58.0,CE,1.0
Feminino,28.0,AC,1.0
Não Informado,63.0,PR,1.0
Feminino,10.0,SP,1.0
Não Informado,22.0,PR,1.0
Masculino,53.0,DF,1.0
Masculino,41.0,TO,1.0
Masculino,30.0,SE,1.0
Feminino,52.0,PB,1.0
Feminino,91.0,SP,1.0
Feminino,72.0,MA,1.0
Masculino,111.0,MG,1.0
Masculino,55.0,CE,1.0
Feminino,63.0,DF,1.0
Feminino,47.0,MS,2.0
Feminino,24.0,PE,1.0
Masculino,8.0,ES,1.0
Feminino,78.0,RJ,2.0
Masculino,83.0,PE,1.0
Feminino,62.0,TO,1.0
Feminino,43.0,PE,1.0
Feminino,44.0,AM,1.0
Feminino,96.0,DF,1.0
Feminino,26.0,PI,1.0
Masculino,77.0,PE,2.0
Feminino,58.0,PA,1.0
Feminino,62.0,PA,1.0
Feminino,25.0,RO,1.0
Feminino,73.0,MS,1.0
Feminino,10.0,MS,1.0
Feminino,73.0,SE,1.0
Feminino,28.0,CE,1.0
Masculino,70.0,RO,1.0
Feminino,57.0,AM,1.0
Feminino,77.0,RN,1.0
Não Informado,49.0,PR,1.0
Masculino,61.0,AL,1.0
Masculino,40.0,ES,1.0
Feminino,36.0,AM,1.0
Feminino,17.0,BA,1.0
Feminino,47.0,TO,1.0
Não Informado,25.0,PR,1.0
Masculino,30.0,AL,1.0
Feminino,19.0,AM,1.0
Masculino,15.0,PA,1.0
Feminino,1.0,RO,1.0
Masculino,1.0,PA,1.0
Masculino,36.0,RR,1.0
Masculino,42.0,MT,1.0
Não Informado,17.0,,1.0
Masculino,60.0,AL,1.0
Masculino,28.0,ES,1.0
Feminino,63.0,AC,1.0
Masculino,138.0,,1.0
Feminino,89.0,RJ,1.0
Feminino,35.0,AP,1.0
Feminino,90.0,PA,1.0
Masculino,48.0,PI,1.0
Masculino,22.0,RO,1.0
Não Informado,67.0,PR,1.0
Feminino,43.0,AM,3.0
Feminino,39.0,CE,1.0
Masculino,58.0,RO,1.0
Feminino,78.0,RN,1.0
Masculino,97.0,MS,1.0
Feminino,14.0,SP,1.0
Não Informado,57.0,SC,1.0
Masculino,77.0,MS,1.0
Feminino,17.0,AC,1.0
Feminino,2.0,MT,1.0
Feminino,35.0,RO,1.0
Masculino,64.0,SE,1.0
Masculino,26.0,RO,1.0
Feminino,57.0,PB,1.0
Feminino,53.0,PB,1.0
Masculino,59.0,AM,1.0
Feminino,85.0,DF,1.0
Masculino,61.0,AC,1.0
Feminino,108.0,SC,1.0
Masculino,28.0,RO,1.0
Masculino,26.0,PA,2.0
Masculino,61.0,AM,1.0
Feminino,20.0,,34928.0
Feminino,56.0,RS,42351.0
Feminino,77.0,RS,17015.0
Masculino,50.0,RS,44035.0
Masculino,46.0,RS,107430.0
Masculino,47.0,RS,51323.0
Masculino,26.0,,95539.0
Feminino,44.0,RS,50173.0
Feminino,74.0,RS,21916.0
Masculino,55.0,RS,40783.0
Masculino,69.0,RS,31909.0
Feminino,48.0,,30744.0
Masculino,49.0,RS,45957.0
Feminino,34.0,RS,41309.0
Masculino,63.0,RS,39894.0
Feminino,88.0,RS,3921.0
Masculino,33.0,RS,48937.0
Masculino,77.0,RS,18095.0
Masculino,86.0,RS,5758.0
Feminino,60.0,,19509.0
Feminino,31.0,,45901.0
Masculino,71.0,RS,29894.0
Masculino,78.0,RS,16110.0
Masculino,76.0,RS,25228.0
Feminino,1.0,RS,1484.0
Feminino,49.0,,28551.0
Masculino,18.0,,28626.0
Feminino,41.0,SC,9456.0
Masculino,27.0,,83143.0
Masculino,41.0,SC,8788.0
Não Informado,33.0,RS,3738.0
Masculino,44.0,,56264.0
Masculino,8.0,,2141.0
Masculino,50.0,SC,5864.0
Feminino,25.0,SC,4466.0
Masculino,36.0,SC,8636.0
Masculino,57.0,SC,4746.0
Masculino,70.0,,18042.0
Masculino,30.0,PR,7473.0
Feminino,31.0,SC,7112.0
Feminino,46.0,SC,11042.0
Masculino,23.0,PR,3584.0
Masculino,81.0,PR,1002.0
Masculino,47.0,SC,7049.0
Não Informado,19.0,RS,1455.0
Feminino,90.0,RS,2664.0
Feminino,16.0,SC,223.0
Masculino,88.0,SC,295.0
Masculino,49.0,SP,27.0
Feminino,10.0,SC,85.0
Masculino,104.0,,49.0
Masculino,6.0,,1062.0
Masculino,11.0,SC,266.0
Feminino,108.0,RS,5.0
Feminino,34.0,SP,21.0
Masculino,120.0,RS,14.0
Feminino,46.0,MS,9.0
Feminino,65.0,SP,16.0
Masculino,30.0,MT,2.0
Masculino,56.0,RS,49545.0
Masculino,23.0,,57816.0
Masculino,31.0,,68121.0
Masculino,38.0,RS,57166.0
Feminino,23.0,RS,21470.0
Feminino,50.0,RS,39108.0
Masculino,65.0,RS,35815.0
Masculino,57.0,RS,40072.0
Masculino,123.0,RS,14.0
Masculino,40.0,,57709.0
Masculino,53.0,PR,5715.0
Feminino,56.0,PR,5946.0
Masculino,73.0,,12614.0
Feminino,26.0,SP,20.0
Masculino,50.0,PR,6651.0
Feminino,10.0,RS,3295.0
Feminino,84.0,RS,7075.0
Masculino,13.0,RS,4845.0
Feminino,62.0,PR,4225.0
Masculino,31.0,PR,8128.0
Feminino,59.0,PR,4687.0
Masculino,54.0,PR,6050.0
Não Informado,44.0,RS,3486.0
Feminino,63.0,,17649.0
Feminino,44.0,PR,8427.0
Masculino,84.0,PR,627.0
Feminino,78.0,,4525.0
Masculino,51.0,PR,6693.0
Masculino,78.0,SC,1434.0
Feminino,47.0,SC,7645.0
Feminino,68.0,SC,3291.0
Não Informado,60.0,RS,2031.0
Feminino,3.0,,448.0
Feminino,65.0,SC,3997.0
Masculino,96.0,RS,605.0
Não Informado,21.0,RS,2521.0
Não Informado,68.0,RS,1527.0
Não Informado,20.0,RS,2008.0
Feminino,92.0,PR,51.0
Feminino,33.0,MT,7.0
Masculino,5.0,PR,125.0
Feminino,32.0,PI,6.0
Feminino,4.0,PR,118.0
Masculino,103.0,RS,44.0
Feminino,35.0,MG,16.0
Masculino,10.0,PR,28.0
Feminino,92.0,,323.0
Feminino,82.0,SC,740.0
Masculino,12.0,PR,27.0
Feminino,6.0,SC,170.0
Masculino,35.0,MG,25.0
Feminino,15.0,MG,30.0
Masculino,17.0,TO,7.0
Feminino,61.0,TO,4.0
Masculino,31.0,RJ,10.0
Masculino,77.0,MA,2.0
Masculino,31.0,SP,20.0
Masculino,36.0,AM,6.0
Masculino,69.0,PE,4.0
Feminino,106.0,PR,4.0
Masculino,61.0,RJ,5.0
Masculino,96.0,PR,33.0
Feminino,48.0,MS,7.0
Masculino,79.0,MG,4.0
Feminino,55.0,RJ,6.0
Masculino,34.0,SP,29.0
Masculino,41.0,RN,5.0
Feminino,81.0,RS,11930.0
Masculino,82.0,PR,874.0
Masculino,38.0,PR,9118.0
Masculino,77.0,,7704.0
Masculino,69.0,SC,3083.0
Masculino,116.0,RS,29.0
Masculino,81.0,SC,1032.0
Feminino,72.0,PR,2051.0
Masculino,84.0,SC,543.0
Masculino,102.0,RS,45.0
Não Informado,92.0,RS,141.0
Feminino,31.0,MG,11.0
Não Informado,91.0,RS,171.0
Feminino,120.0,RS,9.0
Masculino,98.0,RS,200.0
Masculino,94.0,,270.0
Feminino,94.0,PR,29.0
Feminino,6.0,PR,47.0
Feminino,-22.0,RS,6.0
Masculino,37.0,MG,15.0
Masculino,60.0,MG,6.0
Feminino,79.0,SP,4.0
Masculino,74.0,SP,23.0
Masculino,91.0,SC,115.0
Feminino,101.0,SC,6.0
Feminino,100.0,,20.0
Feminino,28.0,SP,15.0
Masculino,56.0,MG,20.0
Masculino,116.0,,23.0
Feminino,61.0,RJ,6.0
Feminino,66.0,MT,6.0
Masculino,69.0,SP,16.0
Feminino,46.0,RJ,11.0
Não Informado,82.0,RS,524.0
Não Informado,12.0,RS,332.0
Masculino,96.0,,155.0
Masculino,24.0,SP,15.0
Masculino,117.0,,16.0
Masculino,32.0,SP,26.0
Masculino,53.0,SP,35.0
Feminino,69.0,AL,2.0
Feminino,42.0,MG,10.0
Feminino,60.0,PA,4.0
Masculino,67.0,BA,5.0
Feminino,49.0,SP,16.0
Não Informado,59.0,,6.0
Feminino,39.0,BA,5.0
Masculino,34.0,AM,4.0
Feminino,96.0,PR,23.0
Masculino,31.0,CE,2.0
Masculino,68.0,SP,25.0
Feminino,40.0,BA,8.0
Masculino,54.0,CE,3.0
Masculino,46.0,MG,18.0
Não Informado,60.0,SC,4.0
Masculino,30.0,RJ,6.0
Masculino,30.0,PB,3.0
Masculino,70.0,MS,3.0
Não Informado,50.0,,4.0
Masculino,40.0,RJ,6.0
Feminino,40.0,MS,4.0
Feminino,25.0,SP,12.0
Feminino,46.0,MT,8.0
Feminino,27.0,PE,3.0
Masculino,76.0,MG,2.0
Masculino,21.0,MG,4.0
Feminino,18.0,BA,3.0
Feminino,101.0,,15.0
Masculino,51.0,BA,4.0
Feminino,51.0,TO,3.0
Feminino,51.0,PE,4.0
Não Informado,40.0,,6.0
Feminino,43.0,DF,3.0
Masculino,44.0,GO,4.0
Feminino,60.0,SP,9.0
Masculino,98.0,PR,13.0
Feminino,41.0,GO,4.0
Masculino,67.0,TO,3.0
Feminino,49.0,MS,5.0
Masculino,80.0,AC,2.0
Masculino,42.0,PA,4.0
Masculino,54.0,RN,4.0
Masculino,41.0,MG,8.0
Masculino,58.0,BA,5.0
Masculino,50.0,MG,20.0
Feminino,111.0,RS,11.0
Feminino,28.0,PA,6.0
Masculino,65.0,PB,4.0
Feminino,75.0,DF,2.0
Não Informado,48.0,,11.0
Feminino,34.0,RN,5.0
Feminino,66.0,RR,2.0
Feminino,53.0,PA,4.0
Feminino,15.0,RN,4.0
Feminino,70.0,DF,3.0
Feminino,38.0,MT,2.0
Feminino,74.0,TO,3.0
Masculino,41.0,MS,3.0
Masculino,40.0,MT,3.0
Masculino,48.0,PE,3.0
Feminino,35.0,MS,5.0
Masculino,22.0,MG,4.0
Masculino,50.0,CE,3.0
Não Informado,68.0,,3.0
Feminino,61.0,BA,3.0
Feminino,50.0,PE,3.0
Masculino,68.0,PE,3.0
Feminino,58.0,AL,4.0
Masculino,58.0,CE,4.0
Masculino,49.0,AM,4.0
Feminino,56.0,AL,3.0
Masculino,39.0,MS,5.0
Masculino,65.0,MG,5.0
Feminino,48.0,MT,5.0
Não Informado,25.0,SC,4.0
Feminino,42.0,AC,2.0
Feminino,29.0,GO,4.0
Masculino,72.0,RN,3.0
Feminino,80.0,RJ,2.0
Masculino,67.0,MG,4.0
Masculino,63.0,MA,3.0
Masculino,46.0,AM,2.0
Feminino,41.0,CE,2.0
Masculino,48.0,MS,5.0
Masculino,38.0,RO,4.0
Feminino,55.0,BA,7.0
Feminino,48.0,BA,7.0
Feminino,65.0,SE,3.0
Feminino,60.0,MG,2.0
Feminino,57.0,BA,2.0
Não Informado,40.0,SC,7.0
Feminino,41.0,PE,3.0
Feminino,70.0,RJ,7.0
Feminino,27.0,MT,4.0
Masculino,62.0,MT,3.0
Feminino,40.0,MA,5.0
Feminino,62.0,DF,2.0
Masculino,56.0,MS,4.0
Feminino,74.0,PB,2.0
Masculino,50.0,AL,3.0
Feminino,74.0,DF,3.0
Não Informado,43.0,PR,2.0
Feminino,29.0,MA,3.0
Masculino,35.0,CE,3.0
Feminino,40.0,PE,5.0
Feminino,30.0,MT,2.0
Masculino,122.0,SC,2.0
Masculino,62.0,RN,3.0
Masculino,26.0,MA,4.0
Masculino,65.0,RN,3.0
Masculino,60.0,MT,2.0
Masculino,56.0,DF,3.0
Feminino,25.0,AM,2.0
Masculino,45.0,PA,4.0
Masculino,38.0,MS,3.0
Feminino,34.0,ES,2.0
Feminino,34.0,AM,3.0
Masculino,43.0,PE,4.0
Feminino,23.0,RN,2.0
Não Informado,44.0,,5.0
Feminino,-17.0,,3.0
Feminino,68.0,PB,2.0
Masculino,16.0,BA,2.0
Masculino,29.0,MA,3.0
Masculino,41.0,CE,2.0
Feminino,38.0,PE,2.0
Masculino,30.0,BA,4.0
Feminino,25.0,MS,4.0
Feminino,116.0,PR,2.0
Masculino,51.0,PB,2.0
Feminino,61.0,RO,2.0
Feminino,65.0,PE,2.0
Feminino,24.0,MG,2.0
Feminino,38.0,MA,2.0
Feminino,61.0,CE,2.0
Feminino,41.0,PB,5.0
Feminino,54.0,PA,3.0
Masculino,36.0,ES,2.0
Não Informado,125.0,RS,2.0
Feminino,59.0,TO,3.0
Feminino,55.0,TO,2.0
Masculino,57.0,AL,3.0
Feminino,32.0,MS,2.0
Feminino,28.0,MS,2.0
Masculino,49.0,PE,4.0
Masculino,43.0,PA,2.0
Feminino,32.0,PB,2.0
Feminino,24.0,MA,3.0
Masculino,68.0,MT,2.0
Masculino,45.0,AL,2.0
Não Informado,39.0,,3.0
Feminino,46.0,PA,3.0
Feminino,33.0,MS,2.0
Não Informado,30.0,PR,2.0
Feminino,83.0,RJ,2.0
Masculino,74.0,PB,3.0
Masculino,128.0,,2.0
Masculino,50.0,DF,3.0
Feminino,66.0,MS,3.0
Feminino,47.0,PE,2.0
Masculino,27.0,BA,2.0
Masculino,67.0,PB,2.0
Feminino,79.0,RN,2.0
Feminino,59.0,RN,2.0
Masculino,83.0,CE,2.0
Masculino,62.0,AL,3.0
Masculino,85.0,SP,3.0
Masculino,23.0,ES,2.0
Feminino,77.0,PB,2.0
Feminino,39.0,AP,2.0
Feminino,43.0,MA,2.0
Masculino,51.0,RO,2.0
Masculino,30.0,PI,2.0
Feminino,72.0,TO,2.0
Masculino,62.0,PI,2.0
Feminino,50.0,ES,2.0
Feminino,27.0,GO,1.0
Feminino,70.0,MT,1.0
Masculino,63.0,DF,1.0
Feminino,82.0,AC,1.0
Masculino,54.0,RR,1.0
Feminino,23.0,MS,1.0
Masculino,26.0,PB,2.0
Não Informado,65.0,PR,1.0
Feminino,73.0,BA,1.0
Masculino,0.0,PE,1.0
Feminino,114.0,SC,1.0
Masculino,19.0,DF,1.0
Masculino,71.0,MS,1.0
Masculino,81.0,PB,1.0
Masculino,23.0,BA,1.0
Feminino,38.0,SE,1.0
Masculino,48.0,RO,1.0
Não Informado,61.0,PR,2.0
Feminino,19.0,RN,1.0
Feminino,63.0,MA,1.0
Feminino,59.0,PI,1.0
Masculino,59.0,RR,1.0
Feminino,31.0,AC,1.0
Masculino,24.0,RO,1.0
Masculino,19.0,AM,1.0
Masculino,79.0,GO,1.0
Masculino,38.0,RR,1.0
Feminino,87.0,TO,1.0
Masculino,53.0,RR,1.0
Feminino,62.0,AL,2.0
Masculino,56.0,BA,1.0
Masculino,132.0,PR,1.0
Feminino,47.0,RO,1.0
Feminino,77.0,PE,1.0
Masculino,10.0,RN,1.0
Feminino,172.0,,1.0
Feminino,70.0,PB,1.0
Masculino,27.0,ES,1.0
Masculino,140.0,,1.0
Masculino,50.0,GO,1.0
Masculino,74.0,BA,1.0
Masculino,65.0,AL,1.0
Masculino,76.0,RN,1.0
Masculino,53.0,PB,1.0
Masculino,72.0,AC,1.0
Feminino,72.0,RO,1.0
Masculino,58.0,AC,1.0
Masculino,9.0,CE,1.0
Feminino,49.0,MA,1.0
Masculino,-20.0,,1.0
Masculino,12.0,AL,1.0
Feminino,-7.0,RS,1.0
Feminino,38.0,TO,1.0
Feminino,113.0,RS,1.0
Feminino,78.0,BA,1.0
Masculino,10.0,PI,1.0
Feminino,71.0,AM,1.0
Masculino,68.0,MA,1.0
Masculino,66.0,AL,1.0
Não Informado,20.0,PR,1.0
Masculino,60.0,RN,1.0
Feminino,56.0,RJ,2.0
Não Informado,83.0,SC,1.0
Masculino,80.0,MS,1.0
Masculino,42.0,AL,1.0
Feminino,47.0,CE,1.0
Feminino,87.0,SP,1.0
Feminino,63.0,AM,1.0
Feminino,52.0,PE,1.0
Não Informado,57.0,,1.0
Feminino,62.0,CE,1.0
Não Informado,100.0,SC,1.0
Feminino,85.0,PA,1.0
Masculino,3.0,PB,1.0
Feminino,-12.0,RS,1.0
Não Informado,915.0,RS,1.0
Feminino,62.0,BA,1.0
Feminino,8.0,AM,1.0
Feminino,61.0,SE,1.0
Masculino,82.0,ES,1.0
Masculino,66.0,PA,1.0
Não Informado,52.0,SP,1.0
Masculino,64.0,AP,1.0
Masculino,7.0,MT,1.0
Feminino,29.0,PA,1.0
Feminino,3.0,MG,1.0
Masculino,29.0,GO,2.0
Masculino,83.0,RN,1.0
Masculino,31.0,GO,2.0
Masculino,57.0,PA,1.0
Feminino,26.0,CE,1.0
Feminino,66.0,PI,1.0
Feminino,58.0,SE,1.0
Masculino,2.0,MT,1.0
Feminino,51.0,RR,1.0
Feminino,46.0,GO,1.0
Masculino,53.0,CE,1.0
Masculino,67.0,MA,1.0
Feminino,10.0,RJ,1.0
Masculino,73.0,RO,1.0
Feminino,76.0,PB,1.0
Masculino,84.0,PE,1.0
Feminino,58.0,DF,1.0
Feminino,48.0,AM,1.0
Não Informado,80.0,SC,1.0
Masculino,1806.0,SC,1.0
Masculino,32.0,PI,1.0
Feminino,59.0,PA,2.0
Feminino,16.0,BA,1.0
Masculino,7.0,PA,1.0
Feminino,8.0,RN,1.0
Não Informado,54.0,PR,1.0
Feminino,27.0,CE,1.0
Masculino,21.0,DF,1.0
Feminino,51.0,PB,1.0
Feminino,50.0,RN,2.0
Masculino,426.0,RS,1.0
Masculino,31.0,MS,3.0
Feminino,52.0,PA,1.0
Masculino,26.0,AL,1.0
Masculino,43.0,PB,1.0
Feminino,34.0,RR,1.0
Masculino,42.0,AM,1.0
Feminino,37.0,RN,1.0
Feminino,45.0,PI,1.0
Masculino,55.0,AM,1.0
Feminino,56.0,PA,1.0
Masculino,56.0,AM,1.0
Feminino,39.0,RS,48402.0
Masculino,34.0,RS,48564.0
Masculino,48.0,RS,53167.0
Masculino,42.0,,54970.0
Feminino,37.0,RS,47258.0
Feminino,35.0,RS,43444.0
Feminino,21.0,RS,15431.0
Feminino,26.0,RS,45193.0
Masculino,64.0,RS,38436.0
Feminino,38.0,RS,47141.0
Feminino,76.0,RS,22071.0
Feminino,19.0,,28315.0
Masculino,55.0,,34673.0
Feminino,25.0,RS,29883.0
Masculino,46.0,,64537.0
Masculino,67.0,,21166.0
Masculino,46.0,SC,11319.0
Masculino,49.0,,42207.0
Feminino,14.0,RS,2473.0
Feminino,58.0,RS,36991.0
Masculino,67.0,RS,34517.0
Masculino,22.0,RS,25694.0
Feminino,24.0,RS,25122.0
Não Informado,29.0,RS,4039.0
Feminino,35.0,SC,7786.0
Feminino,75.0,RS,19488.0
Masculino,52.0,,38361.0
Feminino,62.0,,18496.0
Feminino,45.0,SC,8378.0
Feminino,34.0,SC,7484.0
Masculino,43.0,SC,7703.0
Feminino,43.0,PR,8214.0
Masculino,56.0,SC,5596.0
Feminino,86.0,RS,5971.0
Feminino,74.0,,7728.0
Feminino,26.0,SC,6312.0
Feminino,43.0,SC,8464.0
Feminino,58.0,,20458.0
Feminino,30.0,PR,8427.0
Masculino,99.0,RS,126.0
Masculino,22.0,PR,3066.0
Masculino,69.0,PR,3208.0
Masculino,74.0,PR,2306.0
Masculino,66.0,PR,4178.0
Não Informado,72.0,RS,1277.0
Masculino,68.0,,19898.0
Feminino,86.0,PR,263.0
Feminino,12.0,,687.0
Não Informado,9.0,RS,4474.0
Masculino,73.0,SC,2454.0
Feminino,81.0,SC,922.0
Masculino,2.0,,954.0
Feminino,38.0,MG,13.0
Feminino,125.0,RS,9.0
Feminino,106.0,RS,68.0
Feminino,32.0,SP,22.0
Feminino,43.0,MG,7.0
Feminino,105.0,RS,24.0
Feminino,58.0,TO,4.0
Masculino,31.0,RS,52442.0
Feminino,64.0,RS,35029.0
Masculino,61.0,RS,45699.0
Feminino,46.0,,37633.0
Masculino,34.0,,59733.0
Masculino,19.0,RS,11933.0
Não Informado,39.0,RS,3828.0
Feminino,64.0,SC,4385.0
Masculino,40.0,SC,7946.0
Feminino,24.0,SC,3709.0
Não Informado,47.0,RS,3349.0
Masculino,45.0,PR,8334.0
Masculino,60.0,PR,5261.0
Feminino,74.0,PR,1643.0
Masculino,64.0,SC,4080.0
Masculino,75.0,PR,1868.0
Masculino,33.0,PR,8108.0
Não Informado,42.0,RS,3161.0
Feminino,36.0,SC,8804.0
Masculino,38.0,SC,8184.0
Não Informado,45.0,RS,3605.0
Masculino,0.0,RS,521.0
Não Informado,63.0,RS,1824.0
Feminino,64.0,PR,3582.0
Masculino,81.0,,4878.0
Feminino,19.0,SC,885.0
Masculino,70.0,SC,2950.0
Masculino,79.0,PR,1320.0
Masculino,87.0,PR,352.0
Masculino,72.0,SC,2714.0
Masculino,91.0,RS,1971.0
Feminino,17.0,SC,312.0
Não Informado,90.0,RS,208.0
Feminino,77.0,SC,1520.0
Feminino,36.0,MG,10.0
Feminino,74.0,AM,2.0
Feminino,15.0,SC,185.0
Não Informado,5.0,RS,324.0
Feminino,43.0,GO,5.0
Masculino,2.0,PR,64.0
Feminino,94.0,,176.0
Masculino,69.0,DF,2.0
Feminino,90.0,SC,182.0
Feminino,73.0,MT,2.0
Feminino,107.0,RS,20.0
Não Informado,62.0,SC,3.0
Masculino,80.0,BA,2.0
Feminino,37.0,SP,23.0
Feminino,38.0,RJ,5.0
Masculino,99.0,,44.0
Feminino,44.0,MT,8.0
Feminino,35.0,SP,25.0
Feminino,70.0,SP,14.0
Masculino,38.0,AL,3.0
Masculino,45.0,GO,6.0
Feminino,36.0,PR,9782.0
Feminino,77.0,,5162.0
Não Informado,24.0,RS,3017.0
Feminino,5.0,RS,2475.0
Feminino,12.0,SC,99.0
Feminino,88.0,SC,258.0
Masculino,100.0,RS,87.0
Não Informado,7.0,RS,359.0
Feminino,12.0,MG,26.0
Masculino,85.0,SC,465.0
Masculino,9.0,PR,36.0
Masculino,40.0,RN,12.0
Feminino,16.0,PR,134.0
Masculino,1.0,SC,133.0
Feminino,102.0,RS,57.0
Feminino,24.0,RJ,5.0
Masculino,66.0,RJ,17.0
Masculino,124.0,,14.0
Masculino,72.0,MT,5.0
Masculino,92.0,SC,101.0
Feminino,37.0,BA,5.0
Feminino,56.0,MS,4.0
Masculino,126.0,SC,11.0
Masculino,57.0,RJ,4.0
Feminino,18.0,MG,17.0
Feminino,-18.0,RS,3.0
Feminino,13.0,,1260.0
Masculino,115.0,RS,65.0
Feminino,38.0,SP,18.0
Masculino,73.0,RJ,8.0
Não Informado,1.0,,12.0
Masculino,107.0,,28.0
Feminino,65.0,MG,6.0
Masculino,30.0,AC,3.0
Feminino,118.0,,8.0
Masculino,124.0,RS,15.0
Feminino,13.0,MG,17.0
Masculino,49.0,AL,3.0
Masculino,68.0,BA,6.0
Masculino,47.0,PA,3.0
Masculino,39.0,MG,16.0
Masculino,77.0,DF,3.0
Feminino,58.0,PB,2.0
Feminino,36.0,RN,6.0
Feminino,25.0,DF,3.0
Não Informado,51.0,,6.0
Masculino,21.0,BA,2.0
Masculino,125.0,SC,6.0
Masculino,38.0,RJ,8.0
Feminino,73.0,MG,7.0
Masculino,48.0,GO,5.0
Feminino,32.0,RN,3.0
Masculino,31.0,MG,5.0
Não Informado,53.0,SC,3.0
Masculino,45.0,MA,4.0
Não Informado,39.0,PR,4.0
Feminino,17.0,MG,6.0
Masculino,57.0,DF,3.0
Masculino,33.0,MG,11.0
Masculino,80.0,RJ,5.0
Feminino,45.0,BA,8.0
Masculino,50.0,RJ,5.0
Feminino,26.0,MT,2.0
Feminino,66.0,RO,3.0
Masculino,28.0,GO,3.0
Feminino,49.0,RJ,7.0
Masculino,46.0,BA,5.0
Masculino,49.0,PA,5.0
Masculino,74.0,RJ,8.0
Masculino,31.0,AM,3.0
Feminino,40.0,CE,6.0
Não Informado,42.0,SC,5.0
Masculino,51.0,MT,3.0
Masculino,21.0,SP,9.0
Feminino,42.0,TO,4.0
Feminino,56.0,GO,6.0
Feminino,124.0,RS,6.0
Masculino,34.0,BA,6.0
Feminino,42.0,RN,4.0
Masculino,28.0,PB,3.0
Masculino,40.0,CE,5.0
Feminino,21.0,SP,4.0
Masculino,76.0,MS,2.0
Masculino,49.0,MA,4.0
Feminino,-15.0,RS,3.0
Feminino,34.0,MT,2.0
Feminino,101.0,PR,6.0
Feminino,124.0,,7.0
Não Informado,0.0,RS,10.0
Masculino,38.0,BA,8.0
Feminino,52.0,BA,6.0
Feminino,24.0,SP,11.0
Masculino,50.0,PE,4.0
Masculino,66.0,MG,8.0
Masculino,46.0,RO,2.0
Masculino,38.0,AM,2.0
Masculino,33.0,RN,6.0
Feminino,51.0,BA,6.0
Masculino,20.0,MS,4.0
Masculino,57.0,MA,2.0
Feminino,54.0,SP,11.0
Feminino,67.0,DF,6.0
Masculino,41.0,GO,4.0
Masculino,24.0,MG,4.0
Masculino,44.0,MT,3.0
Masculino,29.0,PE,2.0
Não Informado,42.0,PR,2.0
Masculino,55.0,MT,5.0
Não Informado,53.0,,3.0
Não Informado,69.0,SC,3.0
Masculino,44.0,PE,5.0
Feminino,46.0,DF,4.0
Feminino,46.0,RN,4.0
Feminino,53.0,MA,2.0
Masculino,28.0,MG,7.0
Feminino,81.0,MT,2.0
Masculino,121.0,SC,2.0
Masculino,72.0,PE,3.0
Feminino,20.0,BA,3.0
Masculino,66.0,DF,6.0
Masculino,23.0,MG,7.0
Feminino,38.0,PA,5.0
Masculino,16.0,SP,3.0
Masculino,33.0,RJ,5.0
Feminino,27.0,ES,3.0
Feminino,34.0,TO,5.0
Feminino,54.0,CE,2.0
Feminino,30.0,RJ,7.0
Feminino,71.0,CE,2.0
Masculino,66.0,BA,6.0
Feminino,65.0,PI,2.0
Feminino,67.0,MS,2.0
Feminino,19.0,SP,3.0
Masculino,30.0,AM,2.0
Masculino,65.0,MA,3.0
Não Informado,121.0,RS,2.0
Feminino,35.0,DF,3.0
Feminino,103.0,SC,4.0
Feminino,64.0,TO,5.0
Masculino,46.0,RJ,6.0
Masculino,29.0,RJ,4.0
Feminino,59.0,GO,3.0
Não Informado,117.0,RS,3.0
Masculino,73.0,MT,3.0
Masculino,83.0,MS,2.0
Masculino,110.0,,3.0
Feminino,107.0,,9.0
Feminino,72.0,MS,3.0
Masculino,80.0,RN,2.0
Masculino,29.0,PB,2.0
Masculino,48.0,PB,4.0
Masculino,47.0,PB,4.0
Feminino,35.0,AL,5.0
Feminino,70.0,RN,2.0
Feminino,57.0,MG,2.0
Feminino,40.0,MT,4.0
Feminino,100.0,PR,2.0
Masculino,33.0,PI,2.0
Masculino,43.0,RJ,2.0
Feminino,33.0,BA,4.0
Feminino,52.0,AL,2.0
Masculino,76.0,DF,3.0
Não Informado,71.0,SC,3.0
Feminino,77.0,MG,3.0
Masculino,-10.0,RS,3.0
Feminino,56.0,SE,2.0
Não Informado,28.0,PR,2.0
Feminino,51.0,MS,5.0
Não Informado,72.0,,2.0
Masculino,48.0,MT,3.0
Masculino,68.0,ES,2.0
Masculino,46.0,PA,2.0
Feminino,34.0,GO,2.0
Masculino,35.0,PE,6.0
Masculino,16.0,MT,2.0
Masculino,64.0,AM,2.0
Feminino,70.0,TO,2.0
Feminino,82.0,SP,4.0
Feminino,66.0,AL,2.0
Masculino,-23.0,,3.0
Masculino,75.0,BA,4.0
Masculino,58.0,PB,4.0
Masculino,2.0,SP,2.0
Não Informado,23.0,SC,2.0
Feminino,29.0,RO,3.0
Feminino,30.0,MA,2.0
Masculino,43.0,AL,3.0
Masculino,60.0,PE,5.0
Masculino,62.0,MS,6.0
Feminino,33.0,PE,2.0
Feminino,48.0,DF,3.0
Feminino,35.0,RJ,7.0
Feminino,31.0,AM,2.0
Feminino,104.0,SC,2.0
Masculino,29.0,PA,2.0
Masculino,46.0,PE,3.0
Masculino,116.0,SC,3.0
Masculino,60.0,CE,2.0
Feminino,61.0,RN,4.0
Masculino,28.0,AM,2.0
Feminino,37.0,AM,3.0
Feminino,-23.0,,2.0
Feminino,20.0,MT,2.0
Masculino,27.0,TO,2.0
Masculino,37.0,RR,2.0
Feminino,28.0,BA,2.0
Masculino,26.0,DF,2.0
Masculino,27.0,AM,2.0
Masculino,52.0,RN,2.0
Masculino,5.0,SP,2.0
Masculino,44.0,RN,2.0
Não Informado,47.0,PR,2.0
Masculino,115.0,PR,2.0
Masculino,27.0,MT,2.0
Feminino,29.0,PB,3.0
Feminino,55.0,RO,2.0
Masculino,39.0,TO,2.0
Masculino,30.0,MS,2.0
Masculino,53.0,GO,2.0
Feminino,54.0,ES,2.0
Feminino,69.0,AM,1.0
Feminino,71.0,RN,1.0
Feminino,38.0,RO,1.0
Feminino,33.0,AL,1.0
Masculino,53.0,BA,1.0
Feminino,111.0,PR,1.0
Feminino,22.0,PE,1.0
Masculino,55.0,GO,1.0
Feminino,37.0,AC,1.0
Feminino,76.0,AM,1.0
Feminino,127.0,,1.0
Feminino,49.0,AC,1.0
Não Informado,19.0,SC,1.0
Feminino,93.0,MS,1.0
Feminino,100.0,SP,1.0
Masculino,25.0,CE,1.0
Masculino,67.0,AL,1.0
Feminino,93.0,MG,1.0
Feminino,14.0,BA,1.0
Masculino,25.0,AL,1.0
Feminino,65.0,DF,2.0
Masculino,11.0,RN,1.0
Feminino,32.0,TO,1.0
Feminino,78.0,PE,1.0
Feminino,46.0,RR,1.0
Masculino,22.0,RJ,1.0
Masculino,77.0,RR,1.0
Feminino,36.0,RO,1.0
Masculino,33.0,AC,1.0
Masculino,49.0,DF,1.0
Masculino,64.0,AC,1.0
Masculino,27.0,PB,1.0
Masculino,102.0,PR,1.0
Masculino,54.0,PB,1.0
Masculino,84.0,BA,1.0
Masculino,83.0,GO,1.0
Masculino,72.0,RR,1.0
Feminino,67.0,RO,1.0
Feminino,55.0,PE,1.0
Feminino,67.0,PI,1.0
Masculino,25.0,SE,1.0
Feminino,7.0,GO,1.0
Feminino,95.0,SP,1.0
Feminino,16.0,MG,1.0
Masculino,33.0,TO,1.0
Masculino,84.0,TO,1.0
Masculino,60.0,ES,1.0
Feminino,51.0,PA,1.0
Masculino,24.0,AM,1.0
Feminino,74.0,AL,1.0
Masculino,79.0,BA,1.0
Feminino,88.0,PE,1.0
Masculino,60.0,RO,1.0
Feminino,72.0,PE,1.0
Masculino,57.0,AM,1.0
Masculino,61.0,ES,1.0
Masculino,1.0,MS,1.0
Feminino,44.0,SE,1.0
Feminino,3.0,MS,1.0
Masculino,72.0,AP,1.0
Feminino,24.0,PB,1.0
Feminino,85.0,MA,1.0
Feminino,39.0,ES,1.0
Feminino,81.0,MG,1.0
Masculino,6.0,RN,1.0
Masculino,38.0,AP,1.0
Masculino,71.0,GO,1.0
Feminino,77.0,MS,1.0
Masculino,78.0,MA,1.0
Masculino,124.0,PR,1.0
Masculino,4.0,BA,1.0
Feminino,21.0,DF,1.0
Feminino,42.0,PE,1.0
Feminino,80.0,PB,1.0
Feminino,113.0,,1.0
Masculino,46.0,MS,1.0
Masculino,49.0,RO,1.0
Masculino,56.0,RR,1.0
Feminino,68.0,MT,1.0
Feminino,37.0,MA,1.0
Masculino,26.0,AC,1.0
Feminino,60.0,DF,1.0
Masculino,15.0,ES,1.0
Feminino,29.0,PI,1.0
Masculino,58.0,AL,1.0
Masculino,46.0,AP,1.0
Masculino,87.0,RJ,2.0
Masculino,126.0,AC,1.0
Não Informado,-14.0,RS,1.0
Masculino,76.0,AL,1.0
Masculino,72.0,ES,1.0
Masculino,66.0,RO,1.0
Masculino,81.0,MG,1.0
Masculino,58.0,DF,1.0
Masculino,63.0,RO,1.0
Não Informado,27.0,PR,2.0
Masculino,52.0,RO,2.0
Feminino,32.0,AL,1.0
Masculino,1.0,MT,1.0
Não Informado,85.0,PR,1.0
Masculino,76.0,CE,1.0
Feminino,35.0,SE,1.0
Feminino,76.0,CE,1.0
Feminino,21.0,MA,1.0
Feminino,28.0,SE,1.0
Masculino,17.0,MA,1.0
Masculino,85.0,MA,1.0
Feminino,67.0,PA,2.0
Não Informado,91.0,SC,1.0
Masculino,42.0,SE,1.0
Masculino,83.0,MG,1.0
Feminino,4.0,SP,1.0
Masculino,84.0,DF,1.0
Masculino,54.0,PI,1.0
Não Informado,13.0,SC,1.0
Masculino,145.0,SC,1.0
Masculino,72.0,RO,1.0
Masculino,14.0,AP,1.0
Masculino,9.0,BA,1.0
Masculino,26.0,RS,67062.0
Masculino,39.0,RS,59284.0
Masculino,28.0,RS,48652.0
Masculino,75.0,RS,21014.0
Feminino,52.0,RS,38943.0
Feminino,46.0,RS,76059.0
Masculino,43.0,RS,54192.0
Masculino,27.0,RS,59241.0
Masculino,29.0,,67102.0
Masculino,66.0,RS,42955.0
Feminino,69.0,RS,29017.0
Masculino,47.0,,47626.0
Feminino,29.0,,45658.0
Masculino,53.0,,34761.0
Feminino,85.0,RS,5892.0
Feminino,33.0,,42309.0
Feminino,60.0,RS,37003.0
Feminino,54.0,RS,38103.0
Feminino,20.0,RS,11989.0
Masculino,20.0,,51239.0
Masculino,12.0,RS,5432.0
Masculino,66.0,,25067.0
Não Informado,73.0,RS,1134.0
Não Informado,57.0,RS,2100.0
Masculino,26.0,PR,8411.0
Masculino,25.0,,62698.0
Masculino,62.0,,28239.0
Feminino,22.0,,40200.0
Feminino,51.0,PR,6158.0
Feminino,47.0,PR,7129.0
Masculino,37.0,PR,9066.0
Feminino,25.0,PR,5951.0
Masculino,51.0,SC,6027.0
Masculino,76.0,,10938.0
Feminino,68.0,PR,2726.0
Masculino,59.0,PR,5369.0
Feminino,50.0,SC,6414.0
Feminino,52.0,PR,5976.0
Feminino,73.0,PR,1798.0
Masculino,76.0,SC,2116.0
Feminino,74.0,SC,2191.0
Masculino,20.0,PR,1555.0
Masculino,74.0,SC,2243.0
Feminino,70.0,SC,2922.0
Feminino,78.0,SC,1326.0
Masculino,92.0,,437.0
Feminino,82.0,,2326.0
Feminino,76.0,PR,1492.0
Masculino,52.0,RJ,8.0
Masculino,89.0,,945.0
Não Informado,78.0,RS,789.0
Não Informado,79.0,RS,762.0
Feminino,85.0,PR,310.0
Masculino,97.0,RS,301.0
Masculino,4.0,SC,163.0
Masculino,48.0,MG,21.0
Feminino,22.0,SP,7.0
Não Informado,43.0,,6.0
Feminino,41.0,SP,24.0
Masculino,41.0,,63413.0
Feminino,52.0,SC,6141.0
Feminino,4.0,RS,2295.0
Feminino,78.0,RS,14962.0
Feminino,59.0,RS,36026.0
Feminino,95.0,RS,758.0
Feminino,73.0,RS,22493.0
Masculino,84.0,RS,7142.0
Feminino,22.0,PR,3499.0
Masculino,58.0,PR,5614.0
Feminino,10.0,,440.0
Masculino,24.0,PR,4317.0
Feminino,72.0,,9621.0
Feminino,6.0,RS,3305.0
Feminino,14.0,SC,115.0
Feminino,79.0,SC,1192.0
Feminino,80.0,,3269.0
Masculino,71.0,SC,2740.0
Masculino,11.0,,1457.0
Masculino,77.0,SC,1634.0
Feminino,60.0,PR,4646.0
Masculino,25.0,SC,3737.0
Feminino,86.0,SC,407.0
Não Informado,58.0,RS,2053.0
Feminino,93.0,SC,73.0
Masculino,15.0,SC,236.0
Masculino,86.0,PR,417.0
Feminino,81.0,PR,669.0
Masculino,91.0,,563.0
Não Informado,8.0,RS,636.0
Não Informado,13.0,RS,339.0
Não Informado,64.0,RS,1720.0
Feminino,83.0,PR,517.0
Feminino,85.0,,1272.0
Masculino,83.0,SC,634.0
Masculino,14.0,,3386.0
Feminino,1.0,PR,41.0
Masculino,9.0,SC,784.0
Masculino,87.0,SC,315.0
Masculino,19.0,PR,932.0
Feminino,92.0,SC,123.0
Feminino,7.0,SC,206.0
Feminino,88.0,PR,169.0
Feminino,44.0,MG,17.0
Feminino,46.0,BA,11.0
Feminino,31.0,SP,19.0
Masculino,118.0,RS,17.0
Feminino,104.0,RS,57.0
Feminino,91.0,PR,86.0
Feminino,30.0,SP,12.0
Masculino,87.0,SP,3.0
Masculino,22.0,SP,10.0
Masculino,119.0,RS,10.0
Masculino,101.0,,39.0
Masculino,97.0,SC,12.0
Masculino,100.0,,33.0
Masculino,47.0,SP,32.0
Feminino,50.0,DF,3.0
Não Informado,36.0,,6.0
Masculino,33.0,SP,11.0
Feminino,61.0,SP,17.0
Masculino,71.0,CE,3.0
Feminino,102.0,SC,7.0
Feminino,56.0,MG,10.0
Masculino,70.0,MG,12.0
Feminino,43.0,SP,19.0
Feminino,26.0,,51760.0
Feminino,37.0,PR,9395.0
Masculino,83.0,PR,734.0
Feminino,61.0,,20185.0
Feminino,97.0,RS,452.0
Masculino,22.0,SC,2241.0
Masculino,23.0,SC,2761.0
Não Informado,80.0,RS,659.0
Masculino,7.0,,685.0
Feminino,34.0,BA,10.0
Feminino,116.0,RS,15.0
Feminino,45.0,MG,10.0
Masculino,48.0,RJ,9.0
Feminino,123.0,RS,12.0
Masculino,41.0,SP,35.0
Feminino,89.0,PR,133.0
Masculino,126.0,RS,71.0
Masculino,40.0,SP,28.0
Masculino,0.0,PR,83.0
Masculino,7.0,SC,189.0
Masculino,37.0,SP,27.0
Feminino,94.0,SC,63.0
Masculino,97.0,,77.0
Feminino,35.0,MT,4.0
Masculino,79.0,SP,13.0
Masculino,75.0,RJ,10.0
Feminino,3.0,PR,80.0
Feminino,34.0,MG,13.0
Masculino,33.0,MA,5.0
Masculino,122.0,,11.0
Masculino,70.0,RJ,12.0
Feminino,120.0,,12.0
Masculino,21.0,SC,1893.0
Masculino,29.0,SP,25.0
Masculino,18.0,PR,453.0
Masculino,42.0,RJ,15.0
Masculino,105.0,SC,4.0
Feminino,62.0,MG,7.0
Masculino,43.0,CE,2.0
Feminino,59.0,MG,4.0
Masculino,60.0,SP,23.0
Feminino,66.0,PE,2.0
Feminino,48.0,SP,12.0
Masculino,28.0,RJ,5.0
Feminino,54.0,MG,6.0
Masculino,26.0,PE,5.0
Feminino,12.0,PR,8.0
Feminino,80.0,SP,5.0
Masculino,50.0,MT,6.0
Feminino,46.0,MG,11.0
Masculino,62.0,TO,2.0
Masculino,59.0,MS,5.0
Masculino,56.0,TO,3.0
Masculino,31.0,PE,3.0
Masculino,35.0,TO,4.0
Não Informado,97.0,RS,28.0
Masculino,19.0,SP,5.0
Feminino,33.0,MG,10.0
Masculino,113.0,RS,15.0
Masculino,19.0,MG,10.0
Feminino,49.0,BA,7.0
Não Informado,37.0,,3.0
Feminino,41.0,AL,3.0
Masculino,39.0,AL,5.0
Feminino,57.0,AL,6.0
Feminino,121.0,,8.0
Feminino,97.0,PR,10.0
Masculino,47.0,MS,9.0
Feminino,112.0,,4.0
Feminino,55.0,DF,3.0
Masculino,49.0,BA,5.0
Masculino,24.0,RJ,4.0
Feminino,68.0,MG,8.0
Feminino,110.0,RS,8.0
Masculino,-23.0,RS,10.0
Feminino,23.0,MG,6.0
Masculino,78.0,RJ,6.0
Masculino,42.0,TO,7.0
Masculino,49.0,MS,4.0
Masculino,44.0,PB,3.0
Masculino,123.0,,11.0
Masculino,68.0,MS,2.0
Masculino,58.0,RN,3.0
Não Informado,37.0,PR,4.0
Masculino,51.0,RN,4.0
Masculino,55.0,BA,2.0
Feminino,23.0,MT,2.0
Masculino,46.0,AC,2.0
Não Informado,33.0,PR,4.0
Feminino,37.0,CE,4.0
Masculino,39.0,DF,2.0
Masculino,42.0,PB,4.0
Feminino,33.0,TO,4.0
Masculino,29.0,RN,4.0
Masculino,27.0,RJ,5.0
Masculino,40.0,AC,2.0
Masculino,67.0,MS,5.0
Masculino,15.0,RN,4.0
Masculino,72.0,MS,3.0
Feminino,50.0,MS,4.0
Não Informado,61.0,SC,2.0
Masculino,27.0,GO,4.0
Masculino,41.0,MT,7.0
Masculino,52.0,BA,6.0
Masculino,-20.0,RS,7.0
Feminino,71.0,RJ,6.0
Feminino,-20.0,RS,10.0
Masculino,37.0,MT,3.0
Masculino,30.0,RO,4.0
Masculino,27.0,PE,5.0
Masculino,28.0,BA,4.0
Feminino,39.0,RJ,2.0
Masculino,67.0,DF,2.0
Masculino,100.0,PR,4.0
Feminino,73.0,CE,2.0
Masculino,56.0,AC,3.0
Masculino,41.0,AM,2.0
Masculino,70.0,PE,2.0
Feminino,44.0,GO,2.0
Feminino,63.0,RJ,6.0
Masculino,37.0,PB,3.0
Masculino,52.0,AC,2.0
Não Informado,28.0,,7.0
Feminino,47.0,AL,2.0
Não Informado,55.0,SC,3.0
Feminino,66.0,AM,2.0
Feminino,76.0,RN,3.0
Masculino,91.0,SP,3.0
Masculino,74.0,MS,5.0
Feminino,40.0,TO,3.0
Feminino,31.0,MS,4.0
Feminino,64.0,BA,3.0
Masculino,48.0,RN,3.0
Masculino,54.0,RJ,3.0
Feminino,56.0,PB,3.0
Masculino,43.0,BA,4.0
Feminino,54.0,PB,3.0
Masculino,66.0,PE,2.0
Feminino,122.0,,3.0
Masculino,77.0,GO,3.0
Feminino,64.0,MT,6.0
Feminino,44.0,MA,3.0
Masculino,-18.0,,2.0
Feminino,119.0,,3.0
Masculino,48.0,BA,4.0
Feminino,39.0,RN,3.0
Masculino,71.0,MG,8.0
Feminino,73.0,PB,2.0
Feminino,32.0,DF,2.0
Não Informado,60.0,PR,3.0
Feminino,62.0,PB,2.0
Feminino,66.0,PA,4.0
Feminino,60.0,MA,2.0
Masculino,49.0,RJ,4.0
Feminino,45.0,GO,2.0
Masculino,33.0,CE,3.0
Feminino,27.0,MA,3.0
Masculino,72.0,BA,3.0
Masculino,-17.0,RS,2.0
Masculino,55.0,PE,4.0
Masculino,42.0,CE,4.0
Feminino,56.0,BA,3.0
Feminino,114.0,PR,2.0
Masculino,83.0,RJ,3.0
Masculino,35.0,BA,2.0
Feminino,63.0,PE,3.0
Masculino,23.0,RJ,3.0
Masculino,38.0,MT,4.0
Masculino,116.0,PR,2.0
Masculino,69.0,SE,2.0
Masculino,54.0,DF,2.0
Não Informado,31.0,,2.0
Masculino,29.0,MS,2.0
Masculino,47.0,RR,2.0
Masculino,22.0,PE,2.0
Feminino,48.0,GO,2.0
Masculino,50.0,MS,3.0
Feminino,105.0,PR,2.0
Feminino,45.0,RR,2.0
Masculino,75.0,RN,2.0
Masculino,32.0,ES,2.0
Feminino,29.0,AC,2.0
Masculino,18.0,MS,2.0
Feminino,29.0,RN,5.0
Masculino,70.0,AL,2.0
Masculino,52.0,CE,2.0
Masculino,30.0,MA,2.0
Feminino,127.0,RS,3.0
Não Informado,20.0,SC,2.0
Feminino,28.0,GO,3.0
Masculino,10.0,BA,2.0
Masculino,46.0,PB,3.0
Feminino,112.0,SC,2.0
Masculino,27.0,RO,2.0
Feminino,52.0,RO,2.0
Feminino,104.0,PR,2.0
Feminino,46.0,PB,2.0
Masculino,33.0,MT,2.0
Feminino,54.0,RN,2.0
Feminino,68.0,MS,2.0
Feminino,62.0,MS,3.0
Masculino,56.0,AL,2.0
Masculino,24.0,MA,2.0
Masculino,17.0,SP,2.0
Feminino,50.0,BA,2.0
Masculino,39.0,PA,3.0
Masculino,19.0,RN,2.0
Não Informado,66.0,,2.0
Feminino,67.0,RN,2.0
Masculino,71.0,ES,2.0
Feminino,64.0,MA,2.0
Masculino,64.0,MS,3.0
Feminino,71.0,MS,2.0
Feminino,81.0,RJ,2.0
Masculino,63.0,TO,2.0
Feminino,42.0,SE,2.0
Feminino,59.0,AL,2.0
Masculino,51.0,TO,3.0
Masculino,29.0,BA,2.0
Feminino,64.0,MS,2.0
Feminino,49.0,PI,1.0
Feminino,78.0,RO,1.0
Masculino,80.0,AL,1.0
Masculino,26.0,RN,1.0
Masculino,17.0,RN,1.0
Masculino,11.0,SP,1.0
Feminino,44.0,DF,2.0
Masculino,38.0,DF,1.0
Masculino,20.0,PE,1.0
Masculino,28.0,DF,1.0
Masculino,70.0,CE,1.0
Feminino,56.0,MT,1.0
Feminino,42.0,PI,1.0
Feminino,80.0,RO,1.0
Feminino,48.0,AC,1.0
Não Informado,122.0,RS,1.0
Masculino,51.0,PE,2.0
Feminino,21.0,MS,1.0
Masculino,12.0,PB,1.0
Feminino,83.0,SP,1.0
Masculino,3.0,MS,1.0
Masculino,55.0,MA,1.0
Masculino,30.0,PA,1.0
Feminino,66.0,PB,1.0
Não Informado,82.0,SC,1.0
Masculino,36.0,SE,1.0
Feminino,51.0,AC,1.0
Feminino,39.0,PE,2.0
Feminino,45.0,PB,1.0
Masculino,62.0,MA,1.0
Feminino,5.0,RJ,1.0
Não Informado,22.0,SC,1.0
Masculino,13.0,SP,1.0
Masculino,44.0,RO,1.0
Masculino,38.0,AC,1.0
Masculino,65.0,AM,1.0
Masculino,80.0,MT,1.0
Masculino,34.0,AP,1.0
Feminino,40.0,AM,1.0
Feminino,72.0,RN,1.0
Feminino,54.0,RR,1.0
Feminino,65.0,AC,1.0
Não Informado,32.0,PR,1.0
Masculino,41.0,AC,2.0
Masculino,48.0,ES,1.0
Feminino,39.0,PB,2.0
Masculino,87.0,ES,1.0
Masculino,77.0,MG,3.0
Feminino,79.0,CE,1.0
Feminino,74.0,PE,1.0
Feminino,75.0,RN,1.0
Masculino,18.0,MT,1.0
Feminino,35.0,RR,1.0
Masculino,8.0,PB,1.0
Feminino,42.0,PB,1.0
Masculino,65.0,TO,1.0
Masculino,25.0,AM,1.0
Masculino,78.0,RN,1.0
Masculino,121.0,PR,1.0
Feminino,71.0,TO,1.0
Masculino,74.0,PE,1.0
Masculino,77.0,RO,1.0
Masculino,37.0,RO,1.0
Feminino,79.0,MT,1.0
Masculino,96.0,TO,1.0
Masculino,132.0,,1.0
Masculino,1.0,MG,1.0
Masculino,0.0,SP,2.0
Masculino,20.0,AM,2.0
Feminino,73.0,GO,2.0
Feminino,50.0,RO,1.0
Masculino,75.0,MA,1.0
Feminino,82.0,PE,1.0
Masculino,87.0,GO,1.0
Feminino,60.0,RR,1.0
Masculino,55.0,PA,1.0
Masculino,13.0,RN,1.0
Masculino,41.0,RO,1.0
Masculino,74.0,PA,1.0
Masculino,111.0,SC,1.0
Masculino,52.0,PI,1.0
Feminino,26.0,SE,1.0
Masculino,67.0,ES,1.0
Feminino,23.0,PI,1.0
Não Informado,47.0,SC,1.0
Masculino,55.0,DF,1.0
Feminino,39.0,TO,2.0
Masculino,78.0,ES,1.0
Masculino,63.0,MS,1.0
Feminino,31.0,BA,1.0
Feminino,12.0,RJ,1.0
Masculino,5.0,GO,1.0
Feminino,75.0,AL,1.0
Feminino,34.0,SE,1.0
Masculino,76.0,PB,1.0
Masculino,76.0,AM,1.0
Não Informado,-23.0,RS,1.0
Não Informado,24.0,SC,1.0
Masculino,20.0,DF,1.0
Masculino,79.0,PB,1.0
Feminino,71.0,PE,1.0
Feminino,89.0,AM,1.0
Feminino,34.0,AP,1.0
Masculino,56.0,MT,1.0
Feminino,80.0,MS,3.0
Feminino,46.0,MA,1.0
Feminino,75.0,MS,1.0
Masculino,51.0,DF,1.0
Masculino,39.0,CE,1.0
Masculino,90.0,PA,1.0
Feminino,65.0,GO,1.0
Feminino,65.0,AL,1.0
Feminino,65.0,PA,1.0
Masculino,152.0,,1.0
Masculino,52.0,DF,1.0
Masculino,82.0,DF,1.0
Masculino,82.0,BA,1.0
Feminino,22.0,MS,1.0
Masculino,21.0,TO,1.0
Masculino,27.0,DF,1.0
Feminino,63.0,RS,36746.0
Masculino,42.0,RS,54566.0
Feminino,33.0,RS,41256.0
Masculino,37.0,RS,56621.0
Masculino,29.0,RS,47209.0
Feminino,45.0,RS,47731.0
Masculino,10.0,RS,10475.0
Feminino,30.0,RS,40311.0
Masculino,25.0,RS,37635.0
Feminino,72.0,RS,25748.0
Feminino,80.0,RS,11621.0
Feminino,9.0,RS,6871.0
Feminino,39.0,,39599.0
Masculino,18.0,RS,8619.0
Feminino,48.0,RS,45451.0
Masculino,54.0,,35588.0
Feminino,52.0,,25355.0
Masculino,58.0,RS,40926.0
Masculino,62.0,RS,40656.0
Feminino,34.0,,40295.0
Masculino,75.0,,10031.0
Feminino,38.0,,41108.0
Masculino,59.0,,29284.0
Feminino,32.0,SC,7446.0
Não Informado,48.0,RS,3585.0
Masculino,8.0,RS,8515.0
Masculino,52.0,PR,6297.0
Masculino,44.0,PR,8537.0
Masculino,63.0,PR,4640.0
Masculino,62.0,PR,4967.0
Feminino,39.0,PR,8915.0
Masculino,56.0,PR,6427.0
Feminino,57.0,RS,36742.0
Masculino,38.0,,62035.0
Feminino,33.0,PR,8605.0
Feminino,66.0,PR,3504.0
Feminino,53.0,PR,5375.0
Feminino,96.0,RS,716.0
Não Informado,15.0,RS,459.0
Masculino,34.0,PR,7925.0
Feminino,27.0,PR,8034.0
Masculino,5.0,,1229.0
Masculino,48.0,SC,6860.0
Não Informado,66.0,RS,2028.0
Feminino,67.0,,13773.0
Masculino,66.0,SC,4144.0
Feminino,75.0,,6522.0
Masculino,85.0,PR,538.0
Feminino,88.0,,747.0
Masculino,51.0,SP,32.0
Masculino,93.0,SC,66.0
Feminino,46.0,SP,32.0
Masculino,34.0,RN,7.0
Não Informado,54.0,SC,7.0
Feminino,11.0,MG,16.0
Masculino,52.0,MG,19.0
Feminino,49.0,MT,4.0
Feminino,28.0,RS,38340.0
Masculino,64.0,,25529.0
Feminino,76.0,,6499.0
Masculino,28.0,,69016.0
Masculino,19.0,,40634.0
Feminino,73.0,,8260.0
Masculino,24.0,RS,32039.0
Masculino,65.0,,23233.0
Masculino,11.0,RS,6144.0
Feminino,26.0,PR,8495.0
Não Informado,31.0,RS,4407.0
Masculino,47.0,PR,7309.0
Feminino,37.0,,41398.0
Não Informado,36.0,RS,4451.0
Feminino,65.0,,15437.0
Feminino,45.0,PR,7977.0
Masculino,36.0,PR,9910.0
Masculino,28.0,PR,6943.0
Masculino,10.0,,1118.0
Masculino,90.0,RS,2331.0
Feminino,70.0,,11418.0
Masculino,42.0,SC,7962.0
Masculino,78.0,,6966.0
Feminino,77.0,PR,1106.0
Masculino,27.0,PR,7668.0
Não Informado,37.0,RS,3923.0
Masculino,34.0,SC,6488.0
Não Informado,28.0,RS,4203.0
Masculino,37.0,RN,8.0
Não Informado,71.0,RS,1342.0
Feminino,51.0,MG,11.0
Masculino,101.0,RS,111.0
Feminino,45.0,MS,12.0
Não Informado,95.0,RS,64.0
Feminino,2.0,,451.0
Feminino,21.0,PR,2717.0
Não Informado,83.0,RS,493.0
Masculino,91.0,PR,134.0
Feminino,9.0,SC,319.0
Masculino,90.0,,735.0
Feminino,100.0,RS,123.0
Feminino,18.0,PR,503.0
Masculino,87.0,,1396.0
Masculino,86.0,SC,396.0
Masculino,94.0,SC,49.0
Feminino,87.0,SC,311.0
Feminino,13.0,SC,110.0
Feminino,49.0,MG,6.0
Masculino,13.0,PR,32.0
Feminino,55.0,RN,2.0
Masculino,2.0,SC,140.0
Masculino,12.0,SC,103.0
Masculino,70.0,SP,14.0
Não Informado,89.0,RS,207.0
Feminino,68.0,SP,15.0
Masculino,39.0,MA,5.0
Masculino,14.0,PR,43.0
Masculino,30.0,SP,16.0
Não Informado,72.0,SC,2.0
Masculino,126.0,,129.0
Masculino,3.0,PR,82.0
Feminino,36.0,AC,3.0
Masculino,35.0,MA,6.0
Feminino,31.0,GO,4.0
Feminino,47.0,RN,3.0
Masculino,98.0,,54.0
Masculino,68.0,RJ,10.0
Masculino,47.0,RJ,9.0
Masculino,40.0,BA,7.0
Masculino,44.0,ES,2.0
Masculino,89.0,RS,2881.0
Masculino,71.0,,15840.0
Feminino,84.0,PR,372.0
Masculino,1.0,PR,78.0
Masculino,72.0,PR,2774.0
Masculino,30.0,SC,5951.0
Masculino,94.0,RS,827.0
Masculino,18.0,SC,422.0
Masculino,40.0,MG,11.0
Masculino,5.0,SC,152.0
Feminino,14.0,PR,52.0
Feminino,42.0,BA,8.0
Masculino,118.0,,17.0
Masculino,114.0,RS,29.0
Feminino,39.0,SP,22.0
Não Informado,94.0,RS,82.0
Masculino,107.0,RS,26.0
Masculino,125.0,,26.0
Masculino,76.0,RJ,9.0
Feminino,126.0,,51.0
Masculino,28.0,SP,25.0
Masculino,38.0,SP,34.0
Masculino,57.0,BA,5.0
Masculino,45.0,BA,10.0
Masculino,67.0,SP,27.0
Masculino,51.0,MS,6.0
Feminino,46.0,CE,2.0
Masculino,48.0,TO,5.0
Feminino,69.0,SP,16.0
Feminino,93.0,PR,39.0
Feminino,42.0,MS,7.0
Feminino,52.0,MT,3.0
Masculino,42.0,PR,7878.0
Masculino,29.0,SC,5781.0
Feminino,51.0,SP,21.0
Feminino,109.0,RS,7.0
Feminino,41.0,TO,5.0
Feminino,67.0,SP,18.0
Masculino,37.0,TO,4.0
Feminino,78.0,PR,1019.0
Feminino,14.0,MG,16.0
Masculino,40.0,PB,3.0
Feminino,88.0,SP,3.0
Feminino,31.0,MA,3.0
Feminino,57.0,SP,11.0
Feminino,31.0,MT,5.0
Feminino,73.0,SP,14.0
Feminino,58.0,SP,9.0
Masculino,18.0,BA,14.0
Feminino,44.0,TO,7.0
Feminino,19.0,MG,3.0
Não Informado,102.0,RS,7.0
Masculino,45.0,MG,18.0
Masculino,54.0,PA,5.0
Masculino,46.0,RN,9.0
Masculino,23.0,SP,10.0
Feminino,59.0,MT,7.0
Feminino,41.0,MA,3.0
Masculino,70.0,DF,3.0
Feminino,57.0,RJ,6.0
Masculino,119.0,,11.0
Feminino,34.0,AL,4.0
Masculino,57.0,MS,7.0
Masculino,77.0,RJ,10.0
Masculino,10.0,MG,12.0
Masculino,-14.0,RS,2.0
Feminino,36.0,RJ,11.0
Feminino,41.0,MT,5.0
Não Informado,126.0,RS,4.0
Feminino,72.0,SP,15.0
Feminino,40.0,SP,16.0
Masculino,9.0,PA,2.0
Masculino,97.0,PR,14.0
Feminino,36.0,MA,5.0
Feminino,46.0,AM,3.0
Feminino,30.0,GO,4.0
Feminino,43.0,MS,7.0
Feminino,54.0,DF,2.0
Não Informado,38.0,,12.0
Feminino,68.0,BA,5.0
Masculino,43.0,GO,3.0
Feminino,35.0,TO,3.0
Masculino,66.0,MS,5.0
Masculino,56.0,RN,3.0
Não Informado,49.0,SC,4.0
Feminino,44.0,RN,8.0
Feminino,48.0,MA,4.0
Feminino,64.0,SP,14.0
Masculino,64.0,RJ,10.0
Masculino,37.0,MA,4.0
Masculino,36.0,MA,4.0
Feminino,35.0,RN,4.0
Masculino,117.0,SC,3.0
Masculino,26.0,TO,2.0
Feminino,23.0,BA,2.0
Feminino,57.0,DF,3.0
Masculino,122.0,RS,9.0
Não Informado,76.0,SC,3.0
Não Informado,45.0,,5.0
Masculino,55.0,RN,5.0
Masculino,33.0,MS,5.0
Feminino,33.0,RJ,8.0
Não Informado,101.0,RS,10.0
Feminino,16.0,SP,3.0
Masculino,45.0,MT,4.0
Feminino,77.0,BA,4.0
Feminino,82.0,RJ,5.0
Não Informado,56.0,PR,2.0
Masculino,39.0,ES,4.0
Masculino,23.0,MA,2.0
Masculino,25.0,PB,3.0
Masculino,-22.0,,5.0
Feminino,77.0,RJ,4.0
Masculino,43.0,MT,7.0
Masculino,45.0,ES,3.0
Não Informado,18.0,,3.0
Feminino,59.0,BA,4.0
Feminino,29.0,BA,5.0
Feminino,64.0,SE,4.0
Masculino,33.0,GO,3.0
Masculino,105.0,PR,3.0
Masculino,51.0,PA,2.0
Não Informado,40.0,PR,3.0
Feminino,37.0,ES,2.0
Masculino,57.0,GO,4.0
Masculino,53.0,MT,3.0
Feminino,65.0,CE,3.0
Feminino,48.0,TO,3.0
Feminino,27.0,MS,5.0
Masculino,32.0,RN,3.0
Feminino,53.0,AL,2.0
Masculino,52.0,PB,2.0
Masculino,72.0,DF,4.0
Feminino,109.0,,4.0
Masculino,61.0,MS,4.0
Masculino,47.0,GO,3.0
Masculino,72.0,MG,6.0
Não Informado,-21.0,RS,2.0
Masculino,72.0,TO,2.0
Masculino,59.0,TO,3.0
Feminino,73.0,AM,2.0
Masculino,45.0,PE,3.0
Masculino,39.0,GO,4.0
Masculino,49.0,PB,2.0
Masculino,-21.0,,4.0
Masculino,75.0,MG,2.0
Feminino,26.0,MS,3.0
Feminino,58.0,ES,3.0
Masculino,26.0,BA,3.0
Feminino,36.0,MS,3.0
Feminino,23.0,PE,2.0
Masculino,50.0,MA,2.0
Masculino,32.0,PE,3.0
Feminino,44.0,CE,4.0
Masculino,52.0,PA,3.0
Feminino,84.0,RJ,4.0
Feminino,79.0,MG,3.0
Feminino,65.0,BA,2.0
Masculino,66.0,ES,4.0
Masculino,68.0,PB,3.0
Masculino,31.0,SE,2.0
Masculino,50.0,RO,2.0
Feminino,62.0,AP,2.0
Masculino,32.0,BA,5.0
Masculino,70.0,MT,3.0
Masculino,43.0,MA,2.0
Masculino,66.0,GO,2.0
Masculino,78.0,BA,3.0
Feminino,33.0,GO,2.0
Feminino,55.0,PB,2.0
Masculino,45.0,AM,3.0
Masculino,30.0,RN,5.0
Feminino,50.0,RR,2.0
Feminino,53.0,RJ,3.0
Feminino,34.0,PI,2.0
Masculino,31.0,TO,2.0
Feminino,71.0,PA,3.0
Masculino,60.0,MA,3.0
Feminino,40.0,GO,2.0
Feminino,76.0,DF,2.0
Masculino,59.0,RN,3.0
Masculino,41.0,PI,4.0
Feminino,122.0,SC,2.0
Masculino,19.0,PE,2.0
Feminino,50.0,AL,2.0
Feminino,50.0,AM,2.0
Feminino,55.0,AM,4.0
Feminino,60.0,ES,2.0
Feminino,78.0,MG,2.0
Feminino,28.0,PI,4.0
Masculino,72.0,RJ,5.0
Masculino,42.0,RR,2.0
Feminino,44.0,MS,4.0
Feminino,64.0,DF,3.0
Masculino,55.0,MS,2.0
Feminino,65.0,MT,3.0
Feminino,57.0,ES,2.0
Masculino,51.0,MA,2.0
Não Informado,70.0,,2.0
Feminino,60.0,PE,3.0
Feminino,42.0,PA,2.0
Masculino,57.0,AC,3.0
Feminino,57.0,MT,2.0
Masculino,34.0,MA,3.0
Masculino,74.0,DF,2.0
Masculino,36.0,TO,2.0
Masculino,59.0,BA,3.0
Masculino,15.0,BA,2.0
Feminino,18.0,TO,2.0
Masculino,28.0,MT,2.0
Masculino,57.0,TO,2.0
Masculino,61.0,RN,3.0
Não Informado,52.0,PR,2.0
Feminino,125.0,PR,2.0
Masculino,46.0,SE,2.0
Feminino,59.0,DF,2.0
Feminino,57.0,CE,4.0
Masculino,30.0,DF,2.0
Feminino,19.0,SE,1.0
Feminino,42.0,AP,1.0
Masculino,36.0,DF,1.0
Masculino,60.0,SE,1.0
Feminino,36.0,ES,1.0
Masculino,35.0,AL,2.0
Masculino,39.0,AP,1.0
Masculino,71.0,DF,1.0
Não Informado,57.0,BA,1.0
Feminino,42.0,CE,1.0
Feminino,88.0,RJ,1.0
Feminino,48.0,PA,2.0
Masculino,67.0,CE,2.0
Masculino,81.0,RJ,1.0
Feminino,84.0,MA,1.0
Masculino,119.0,SC,2.0
Feminino,46.0,SE,1.0
Feminino,52.0,RR,1.0
Feminino,31.0,PB,1.0
Feminino,75.0,PA,1.0
Masculino,71.0,SE,1.0
Feminino,55.0,CE,1.0
Masculino,50.0,ES,1.0
Feminino,-21.0,,1.0
Não Informado,62.0,PR,1.0
Feminino,21.0,PB,1.0
Feminino,32.0,CE,1.0
Masculino,82.0,MT,1.0
Feminino,23.0,CE,1.0
Masculino,25.0,MS,1.0
Masculino,68.0,AM,1.0
Feminino,22.0,CE,1.0
Feminino,69.0,PB,1.0
Feminino,29.0,MT,1.0
Feminino,27.0,PI,2.0
Feminino,86.0,SE,1.0
Feminino,76.0,RR,1.0
Feminino,72.0,GO,1.0
Masculino,25.0,ES,1.0
Masculino,84.0,AC,1.0
Feminino,77.0,MT,1.0
Feminino,54.0,PE,1.0
Masculino,61.0,TO,1.0
Feminino,26.0,AM,2.0
Masculino,69.0,RO,1.0
Feminino,-14.0,RS,1.0
Masculino,33.0,ES,1.0
Masculino,41.0,SE,1.0
Masculino,79.0,CE,1.0
Feminino,33.0,ES,1.0
Feminino,75.0,MT,1.0
Feminino,43.0,PI,1.0
Não Informado,34.0,PR,1.0
Masculino,40.0,TO,1.0
Masculino,90.0,BA,1.0
Masculino,2.0,MA,1.0
Masculino,36.0,RO,1.0
Masculino,2.0,AP,1.0
Feminino,9.0,SP,1.0
Feminino,8.0,TO,1.0
Masculino,90.0,MG,1.0
Feminino,65.0,MA,1.0
Feminino,32.0,PE,1.0
Feminino,-10.0,,1.0
Masculino,-19.0,,1.0
Masculino,67.0,RN,1.0
Masculino,2.0,MS,1.0
Feminino,15.0,BA,1.0
Feminino,20.0,RO,1.0
Feminino,-1.0,,1.0
Masculino,19.0,PI,1.0
Masculino,55.0,AC,1.0
Feminino,84.0,CE,1.0
Masculino,54.0,GO,1.0
Feminino,47.0,RR,1.0
Feminino,150.0,,1.0
Feminino,42.0,GO,2.0
Feminino,35.0,AC,1.0
Feminino,32.0,MT,1.0
Masculino,51.0,SE,1.0
Não Informado,123.0,RS,1.0
Masculino,29.0,SE,1.0
Feminino,55.0,MS,1.0
Masculino,74.0,TO,1.0
Masculino,35.0,ES,1.0
Masculino,-16.0,,2.0
Masculino,128.0,RS,1.0
Feminino,77.0,TO,2.0
Feminino,40.0,AC,1.0
Masculino,73.0,GO,1.0
Feminino,60.0,PB,1.0
Feminino,22.0,MG,1.0
Masculino,123.0,SC,1.0
Masculino,27.0,SE,1.0
Feminino,39.0,MA,1.0
Masculino,66.0,PB,2.0
Masculino,46.0,PI,1.0
Não Informado,25.0,SP,1.0
Não Informado,38.0,PR,1.0
Feminino,24.0,RO,1.0
Feminino,44.0,AC,1.0
Feminino,37.0,PA,1.0
Masculino,62.0,PE,1.0
Masculino,77.0,CE,1.0
Masculino,24.0,PE,1.0
Masculino,9.0,RN,1.0
Masculino,62.0,AM,1.0
Masculino,70.0,AC,1.0
Não Informado,84.0,,1.0
Masculino,45.0,AP,1.0
Masculino,40.0,MA,1.0
Feminino,42.0,RR,2.0
Masculino,35.0,PB,1.0
Feminino,75.0,CE,1.0
Não Informado,82.0,,1.0
Não Informado,-13.0,RS,1.0
Feminino,22.0,GO,2.0
Masculino,73.0,PB,1.0
Masculino,51.0,RR,1.0
Feminino,37.0,TO,2.0
Feminino,52.0,AC,1.0
Feminino,73.0,AL,1.0
Masculino,62.0,AC,1.0
Masculino,24.0,AC,1.0
Feminino,26.0,RO,1.0
Masculino,161.0,RS,1.0
Masculino,67.0,RO,1.0
Masculino,31.0,RN,1.0
Feminino,80.0,BA,1.0
Masculino,74.0,PI,1.0
Feminino,73.0,PI,1.0
Feminino,43.0,CE,1.0
Feminino,32.0,BA,1.0
Masculino,82.0,RN,1.0
Feminino,49.0,RR,1.0
Feminino,67.0,PB,1.0
Feminino,29.0,RS,38359.0
Feminino,70.0,RS,29016.0
Feminino,43.0,RS,47228.0
Masculino,54.0,RS,42519.0
Feminino,71.0,,10331.0
Masculino,24.0,,59337.0
Feminino,16.0,,8974.0
Feminino,51.0,RS,40984.0
Masculino,58.0,,31750.0
Feminino,49.0,RS,40673.0
Feminino,43.0,,36223.0
Masculino,17.0,RS,10728.0
Masculino,40.0,RS,55053.0
Masculino,15.0,RS,5323.0
Feminino,13.0,RS,2449.0
Feminino,55.0,RS,36673.0
Feminino,51.0,,26469.0
Não Informado,26.0,RS,5607.0
Masculino,79.0,RS,14476.0
Feminino,47.0,,32005.0
Masculino,44.0,SC,8128.0
Não Informado,53.0,RS,2404.0
Masculino,45.0,,53067.0
Feminino,59.0,,19695.0
Feminino,35.0,,41175.0
Masculino,36.0,,70888.0
Masculino,48.0,,47830.0
Feminino,53.0,,23203.0
Não Informado,38.0,RS,4012.0
Feminino,59.0,SC,4899.0
Feminino,37.0,SC,8362.0
Feminino,37.0,MG,12.0
Feminino,49.0,PR,6612.0
Feminino,55.0,,22743.0
Feminino,44.0,,37456.0
Masculino,41.0,PR,9160.0
Feminino,48.0,PR,7261.0
Feminino,41.0,PR,8918.0
Masculino,69.0,,18226.0
Feminino,32.0,PR,8836.0
Não Informado,25.0,RS,3471.0
Masculino,77.0,PR,1694.0
Masculino,39.0,PR,9007.0
Feminino,73.0,SC,2302.0
Masculino,28.0,SC,5404.0
Feminino,50.0,PR,6228.0
Masculino,60.0,SC,4569.0
Masculino,58.0,SC,4739.0
Masculino,15.0,,6214.0
Masculino,24.0,SC,3099.0
Feminino,67.0,SC,3620.0
Não Informado,85.0,RS,358.0
Feminino,93.0,RS,1361.0
Masculino,83.0,,3011.0
Não Informado,74.0,RS,1164.0
Não Informado,10.0,RS,1127.0
Masculino,20.0,SC,1343.0
Não Informado,3.0,RS,301.0
Feminino,53.0,GO,4.0
Masculino,34.0,CE,3.0
Masculino,99.0,SC,9.0
Feminino,54.0,,23440.0
Masculino,60.0,RS,40839.0
Feminino,25.0,,43081.0
Masculino,21.0,,57065.0
Masculino,70.0,RS,31987.0
Feminino,42.0,SC,8266.0
Feminino,62.0,RS,37441.0
Masculino,74.0,RS,23814.0
Não Informado,23.0,RS,2808.0
Masculino,51.0,RS,47286.0
Feminino,66.0,,15973.0
Feminino,38.0,PR,9067.0
Masculino,32.0,SC,6481.0
Masculino,56.0,,37529.0
Feminino,61.0,PR,4654.0
Feminino,8.0,RS,4112.0
Feminino,57.0,PR,5015.0
Não Informado,40.0,RS,3546.0
Masculino,40.0,PR,8977.0
Feminino,55.0,PR,5415.0
Feminino,61.0,SC,5134.0
Masculino,43.0,PR,7925.0
Masculino,31.0,SC,6417.0
Feminino,39.0,SC,9071.0
Masculino,9.0,,5892.0
Feminino,58.0,SC,5146.0
Feminino,23.0,SC,3304.0
Feminino,82.0,PR,532.0
Masculino,92.0,PR,109.0
Feminino,75.0,PR,1382.0
Masculino,94.0,PR,51.0
Feminino,72.0,SC,2589.0
Feminino,44.0,SC,8943.0
Masculino,1.0,RS,2853.0
Feminino,6.0,,417.0
Não Informado,52.0,RS,2685.0
Masculino,82.0,SC,808.0
Masculino,84.0,,2531.0
Feminino,15.0,,4697.0
Masculino,88.0,,1105.0
Masculino,12.0,,1599.0
Masculino,95.0,,179.0
Feminino,79.0,PR,880.0
Masculino,62.0,SC,4584.0
Feminino,5.0,SC,138.0
Feminino,90.0,PR,108.0
Masculino,49.0,RN,6.0
Masculino,12.0,MG,58.0
Feminino,8.0,SC,306.0
Feminino,99.0,RS,211.0
Masculino,3.0,,886.0
Masculino,13.0,MG,49.0
Feminino,121.0,RS,7.0
Masculino,58.0,SP,27.0
Feminino,7.0,,414.0
Feminino,89.0,SC,198.0
Feminino,118.0,RS,7.0
Masculino,43.0,MG,14.0
Masculino,125.0,RS,31.0
Masculino,27.0,SP,26.0
Masculino,109.0,RS,15.0
Não Informado,4.0,RS,327.0
Feminino,0.0,SC,15.0
Feminino,62.0,SP,22.0
Masculino,103.0,SC,2.0
Masculino,17.0,MG,53.0
Masculino,46.0,GO,5.0
Feminino,1.0,,488.0
Masculino,44.0,MA,5.0
Feminino,75.0,RJ,7.0
Feminino,66.0,RJ,10.0
Masculino,115.0,,47.0
Masculino,32.0,CE,3.0
Feminino,2.0,PR,47.0
Não Informado,99.0,RS,17.0
Feminino,56.0,SP,20.0
Feminino,29.0,ES,3.0
Masculino,60.0,BA,8.0
Masculino,77.0,SP,12.0
Feminino,40.0,PR,8462.0
Feminino,58.0,PR,5036.0
Feminino,28.0,SC,6250.0
Feminino,29.0,SC,6613.0
Não Informado,11.0,RS,386.0
Não Informado,70.0,RS,1467.0
Feminino,84.0,SC,544.0
Feminino,20.0,PR,1837.0
Masculino,93.0,PR,58.0
Não Informado,81.0,RS,685.0
Masculino,79.0,,5929.0
Masculino,95.0,RS,601.0
Masculino,51.0,MG,11.0
Masculino,106.0,RS,114.0
Feminino,25.0,MG,7.0
Feminino,115.0,RS,29.0
Não Informado,96.0,RS,61.0
Masculino,52.0,SP,35.0
Feminino,17.0,PR,269.0
Masculino,42.0,PE,5.0
Feminino,58.0,RN,2.0
Masculino,103.0,,25.0
Masculino,38.0,PA,5.0
Feminino,102.0,,10.0
Feminino,96.0,SC,35.0
Masculino,35.0,RJ,9.0
Feminino,47.0,ES,4.0
Feminino,43.0,BA,7.0
Feminino,53.0,MS,5.0
Masculino,46.0,SP,28.0
Masculino,21.0,CE,2.0
Masculino,55.0,SP,21.0
Feminino,39.0,MS,7.0
Feminino,100.0,SC,9.0
Masculino,43.0,RN,6.0
Masculino,99.0,PR,3.0
Masculino,40.0,GO,6.0
Masculino,64.0,MG,6.0
Feminino,53.0,SP,16.0
Feminino,49.0,RN,5.0
Masculino,32.0,GO,6.0
Feminino,52.0,RJ,7.0
Não Informado,75.0,RS,974.0
Feminino,98.0,RS,292.0
Masculino,20.0,SP,5.0
Feminino,59.0,SP,17.0
Masculino,59.0,MT,7.0
Masculino,105.0,,16.0
Não Informado,26.0,PR,4.0
Feminino,71.0,MG,3.0
Masculino,59.0,RJ,8.0
Feminino,48.0,RJ,9.0
Masculino,76.0,ES,3.0
Feminino,66.0,SP,13.0
Masculino,67.0,PA,2.0
Feminino,45.0,RJ,9.0
Masculino,32.0,PA,5.0
Masculino,108.0,RS,5.0
Feminino,50.0,RJ,6.0
Masculino,54.0,SP,23.0
Feminino,67.0,MT,3.0
Feminino,64.0,RJ,10.0
Feminino,60.0,MT,2.0
Masculino,44.0,AM,4.0
Masculino,44.0,CE,5.0
Feminino,53.0,TO,3.0
Masculino,67.0,PE,5.0
Masculino,107.0,SC,3.0
Não Informado,26.0,,10.0
Masculino,50.0,TO,4.0
Feminino,71.0,SP,15.0
Feminino,39.0,AM,4.0
Masculino,38.0,RN,4.0
Feminino,38.0,GO,2.0
Masculino,61.0,MG,8.0
Feminino,51.0,DF,3.0
Masculino,79.0,MS,4.0
Masculino,114.0,SC,3.0
Feminino,55.0,SP,10.0
Feminino,52.0,SP,16.0
Masculino,50.0,RN,4.0
Masculino,58.0,RJ,2.0
Masculino,121.0,,15.0
Feminino,63.0,MG,6.0
Masculino,63.0,GO,5.0
Feminino,38.0,BA,9.0
Masculino,54.0,MS,8.0
Feminino,23.0,SP,7.0
Masculino,102.0,SC,2.0
Masculino,8.0,MG,3.0
Feminino,61.0,MG,6.0
Masculino,30.0,MG,3.0
Feminino,45.0,ES,5.0
Masculino,45.0,CE,3.0
Masculino,82.0,RJ,4.0
Feminino,65.0,TO,3.0
Masculino,25.0,BA,3.0
Feminino,50.0,MT,4.0
Masculino,28.0,MS,4.0
Feminino,41.0,SE,3.0
Masculino,33.0,PE,4.0
Masculino,37.0,AC,3.0
Feminino,125.0,,10.0
Masculino,65.0,MS,2.0
Feminino,76.0,SP,6.0
Masculino,64.0,RN,4.0
Feminino,31.0,RJ,14.0
Masculino,36.0,RJ,10.0
Feminino,51.0,RN,3.0
Feminino,51.0,RJ,6.0
Masculino,34.0,TO,7.0
Masculino,9.0,SP,3.0
Feminino,73.0,RJ,4.0
Feminino,20.0,MG,3.0
Feminino,74.0,RN,2.0
Feminino,36.0,DF,2.0
Feminino,20.0,RJ,3.0
Masculino,71.0,MT,8.0
Masculino,25.0,MA,2.0
Masculino,113.0,,8.0
Feminino,29.0,AM,4.0
Feminino,66.0,RN,2.0
Feminino,56.0,DF,3.0
Masculino,70.0,BA,5.0
Masculino,35.0,PA,4.0
Masculino,23.0,MS,2.0
Não Informado,66.0,SC,5.0
Feminino,51.0,CE,5.0
Masculino,47.0,MA,5.0
Feminino,64.0,AL,3.0
Feminino,58.0,MS,3.0
Feminino,116.0,,7.0
Feminino,98.0,PR,7.0
Masculino,62.0,RJ,5.0
Feminino,49.0,AL,2.0
Masculino,137.0,,2.0
Masculino,41.0,PA,3.0
Feminino,65.0,ES,2.0
Feminino,85.0,BA,2.0
Masculino,58.0,GO,2.0
Não Informado,20.0,,3.0
Masculino,101.0,SC,7.0
Feminino,49.0,TO,2.0
Masculino,36.0,MT,2.0
Feminino,52.0,MS,4.0
Não Informado,115.0,RS,4.0
Masculino,26.0,MT,4.0
Feminino,54.0,AM,2.0
Feminino,57.0,PA,3.0
Feminino,117.0,,4.0
Masculino,67.0,RJ,4.0
Masculino,54.0,TO,2.0
Feminino,31.0,PE,3.0
Feminino,36.0,AL,2.0
Feminino,39.0,MT,3.0
Feminino,32.0,SE,2.0
Feminino,69.0,MG,4.0
Feminino,42.0,AM,3.0
Masculino,18.0,SP,2.0
Feminino,59.0,PE,2.0
Feminino,20.0,RN,3.0
Masculino,26.0,GO,3.0
Feminino,61.0,PB,2.0
Não Informado,46.0,PR,3.0
Feminino,32.0,GO,3.0
Feminino,46.0,PI,3.0
Masculino,27.0,RN,2.0
Não Informado,70.0,SC,2.0
Masculino,-16.0,RS,3.0
Masculino,33.0,DF,2.0
Feminino,58.0,PE,2.0
Masculino,29.0,AC,2.0
Feminino,66.0,DF,3.0
Feminino,54.0,RO,2.0
Masculino,118.0,PR,3.0
Não Informado,19.0,,2.0
Feminino,52.0,DF,3.0
Não Informado,37.0,SC,4.0
Feminino,26.0,RN,3.0
Feminino,30.0,MS,3.0
Feminino,53.0,AM,2.0
Não Informado,31.0,SC,4.0
Masculino,110.0,PR,2.0
Feminino,64.0,MG,6.0
Feminino,31.0,RN,2.0
Feminino,89.0,MS,2.0
Feminino,0.0,PR,5.0
Masculino,65.0,PA,2.0
Feminino,81.0,PB,2.0
Feminino,57.0,MA,2.0
Feminino,34.0,MA,2.0
Feminino,41.0,PA,2.0
Masculino,10.0,SP,2.0
Não Informado,58.0,,2.0
Masculino,44.0,TO,2.0
Masculino,35.0,RO,2.0
Feminino,68.0,RN,2.0
Feminino,28.0,PE,2.0
Masculino,22.0,BA,3.0
Masculino,60.0,PB,2.0
Feminino,63.0,MS,2.0
Masculino,41.0,MA,2.0
Masculino,36.0,CE,2.0
Feminino,89.0,MG,2.0
Masculino,32.0,MS,4.0
Feminino,47.0,AM,2.0
Masculino,75.0,MT,2.0
Masculino,75.0,ES,2.0
Masculino,-12.0,,2.0
Feminino,64.0,CE,2.0
Feminino,49.0,PE,2.0
